/*
SQLyog Ultimate v11.27 (32 bit)
MySQL - 5.5.29-log : Database - w951_db_zsbus_news
*********************************************************************
*/

/*!40101 SET NAMES utf8 */;

/*!40101 SET SQL_MODE=''*/;

/*!40014 SET @OLD_UNIQUE_CHECKS=@@UNIQUE_CHECKS, UNIQUE_CHECKS=0 */;
/*!40014 SET @OLD_FOREIGN_KEY_CHECKS=@@FOREIGN_KEY_CHECKS, FOREIGN_KEY_CHECKS=0 */;
/*!40101 SET @OLD_SQL_MODE=@@SQL_MODE, SQL_MODE='NO_AUTO_VALUE_ON_ZERO' */;
/*!40111 SET @OLD_SQL_NOTES=@@SQL_NOTES, SQL_NOTES=0 */;
CREATE DATABASE /*!32312 IF NOT EXISTS*/`w951_db_zsbus_news` /*!40100 DEFAULT CHARACTER SET utf8 */;

USE `w951_db_zsbus_news`;

/*Table structure for table `zsbus_news_article` */

DROP TABLE IF EXISTS `zsbus_news_article`;

CREATE TABLE `zsbus_news_article` (
  `article_id` varchar(32) NOT NULL COMMENT '文章ID',
  `category_id` varchar(32) DEFAULT NULL COMMENT '所属分类',
  `article_title` varchar(50) DEFAULT NULL COMMENT '文章标题',
  `article_subtitle` varchar(150) DEFAULT NULL COMMENT '文章简介',
  `article_author` varchar(20) DEFAULT NULL COMMENT '文章作者',
  `article_createdate` datetime DEFAULT NULL COMMENT '创建时间',
  `article_content` text COMMENT '文章内容',
  PRIMARY KEY (`article_id`),
  KEY `FK_Article_Category_On_CategoryId` (`category_id`),
  CONSTRAINT `FK_Article_Category_On_CategoryId` FOREIGN KEY (`category_id`) REFERENCES `zsbus_news_category` (`category_id`)
) ENGINE=InnoDB DEFAULT CHARSET=utf8 COMMENT='文章';

/*Data for the table `zsbus_news_article` */

insert  into `zsbus_news_article`(`article_id`,`category_id`,`article_title`,`article_subtitle`,`article_author`,`article_createdate`,`article_content`) values ('402881034603eddb014603f0fdb70001','402881034603eddb014603eef5600000','企业简介','中山市公共交通运输集团有限公司成立于1975年10月，原名为中山市公共汽车公司','admin','2014-05-16 15:31:03','<p>中山市公共交通运输集团有限公司成立于1975年10月，原名为中山市公共汽车公司，2009年9月更名改制为中山市公共交通有限公司，2012年8月升格为中山市公共交通运输集团有限公司，是具有国家道路运输二级企业资质，以经营公交客运为主，集长途客运站、出租汽车、公共自行车服务、汽车修理、公交广告等经营为一体的中山市唯一国有法人独资国有公交运输企业集团，是中山市城乡一体化公共交通运输的主要承担者和市委市政府公交优先民生政策的承载体。<br />\r\n历经37年风雨磨砺，中山公交人以辛勤的汗水和默默耕耘赢得了公司跨越式发展，从最初的13名员工、2辆公共汽车和1条线路发展壮大为现在拥有员工4800多人、公交线路108条、公共汽车1860辆、出租汽车153辆和公共自行车5080辆的公交集团。目前，中山公交集团公司总资产已达8亿多元，年经营总收入达7亿多元，日均客运量达63万人次，属下有公共汽车分公司、校车分公司、出租汽车分公司、乐群和城东汽车修配厂、广告分公司，以及全资子公司中山市北部公共汽车有限公司、中山市中南公共汽车有限公司、中山市公交自行车有限公司、中山市城市汽车客运站有限公司、中山市坦洲金斗湾汽车客运站有限公司。<br />\r\n中山公交集团公司在国内较早以城乡一体化公共交通的运营模式服务社会，通过落实完成全市公交&ldquo;一盘棋&rdquo;战略，已形成全市域三大组团公交运营服务架构，并有七项工作位居全国同行前列：一是实现全市公交&ldquo;一盘棋&rdquo;发展；二是公交票价优惠幅度大；三是公交车辆服务设施配置高；四是新能源(LNG、纯电动)公共汽车应用数量多；五是公共自行车服务系统群众反映好；六是城市公共交通发展战略研究行动快；七是LNG&ldquo;长鼻子&rdquo;智慧校车实践早。中山公交集团公司先后荣获全国精神文明建设工作先进单位、全国文明服务示范窗口、中国城市公共交通节能减排先进企业、中国道路运输百强诚信企业等市级以上荣誉称号70多项。<br />\r\n近年来，中山公交集团公司全面贯彻落实市委、市政府&ldquo;公交优先再优先&rdquo;发展理念，实施&ldquo;精细化管理、人性化服务、专业化发展&rdquo;经营战略，恪守&ldquo;倾情倾力，安全便捷舒适环保，持续提高社会满意度&rdquo;的质量方针，以&ldquo;安全、准点、便捷、舒适、廉价、环保&rdquo;等市民公交出行需求为导向，以提升公交服务能力、加快配套公交基础设施等为着力点，积极导入先进的管理经验和科学技术，不断提升营运效率，优化资源配置，改善乘车环境，提升服务质量，公交服务近年连跨&ldquo;三个台阶&rdquo;，在人文公交、科技公交、环保公交和谐公交的进程中，促使公交客运量短期内同比增长30%以上，市民对公交服务满意度增至87%，为打造绿色低碳出行，建设&ldquo;三个适宜&rdquo;幸福和美中山作出了积极的贡献。<br />\r\n按照市委、市政府部署，《中山市公共交通发展战略》正在有序推进实施，随着公共交通发展战略特别是中心城区快速公交系统的建设，将快速提升中山城乡公共交通整体服务水平，市民将享受到更便捷、更安全、更舒适、更实惠的公交服务，并对提高中心城区首位度，改善中心城区交通拥堵，促进幸福和美中山建设和社会经济可持续发展发挥重要的作用。</p>\r\n\r\n<p>办公地址：中山市南区城南三路38号<br />\r\n邮政编码：528455<br />\r\n办公室电话：23333699<br />\r\n传真：23333600<br />\r\n公共汽车服务热线：87330663<br />\r\n出租汽车服务热线：23338962<br />\r\n集团公司网址：www.zsbus.cn<br />\r\n手机查询网址：wap.zsbus.cn<br />\r\n官方微博：中山公交微博，http://e.weibo.com/u/2751248584</p>\r\n'),('402881034603eddb014603f2a7c00003','402881034603eddb014603f1cc3c0002','第六届十佳员工-梁伟坚','兢兢业业的好班长——梁伟坚','admin','2014-05-16 15:32:52','<p>兢兢业业的好班长&mdash;&mdash;梁伟坚</p>\r\n\r\n<p>&nbsp; &nbsp; 梁伟坚，乐群汽车修配厂质检班班长。他连续6年被评为公司先进工作者，2005年被评为城投集团先进工作者，在成绩和荣誉的背后凝聚着他辛勤的汗水和无私的奉献。<br />\r\n&nbsp; &nbsp; 十多年来，他爱岗敬业的精神铸就了一身过硬的车辆检验、维修管理的本领，并形成了一套具有自己特色的工作方法。他以厂为家，将满腔热忱都倾注于维修车间，受到公司各级领导和员工的一致好评。<br />\r\n&nbsp; &nbsp; 他工作勤勤恳恳、任劳任怨、责任心强，凭着自己丰富的汽车维修技术管理经验，制定并安排好修配厂各项生产计划，充分落实汽车维修技术标准和工艺规程，严抓安全文明生产和劳动纪律，带领质检班成员出色完成公司营运车辆的维修检验工作。同时，为了保障保修车辆能按时检验合格出场，经常加班，有时候甚至加到深夜，但都毫无怨言。在管理过程中，他注意方法，善于沟通，并做到了言行身教。有一次，在修配厂卫生行动日时，他发现轮值搞卫生的班组还遗留一些卫生死角，便要求该班组把遗留的卫生死角清除掉，但该班组班长却说：&ldquo;条件有限，只能这样了，没有办法再搞好了&rdquo;，梁伟坚听后马上换上水鞋，拿起打扫工具对该班组人员说：&ldquo;我和你们一起把这道难题克服&rdquo;。正是在这种身体力行的影响下，该班组全体成员又再次投入&ldquo;战斗&rdquo;，把维修场地遗留的卫生死角全部清除。由于无数次这样的亲历亲为，他在修配厂员工中树立起很高的威信。<br />\r\n&nbsp; &nbsp; 在面对修配厂的各种维修难题和公司越来越艰难的经营状况，梁伟坚树立起增收节支从我做起的原则，做好修配厂日常的增收节支、目标成本管理等工作。在审批保修材料时，他坚持能修复的零件决不浪费，并在节能降耗工作上狠下工夫，带领各工种负责人大力开展----修旧利废工作，从而大大降低了营运车辆的保修成本。<br />\r\n&nbsp; &nbsp; 身为维修车间主管人员，他始终用自己甘于奉献的精神感染着身边每一位员工。</p>\r\n'),('402881034603eddb014603f9e12e0004','402881034603eddb014603eef5600000','发展历程','1、1975年10月，中山县石岐镇公共汽车公司（公司前身）成立，位于石岐镇孙文路桑基巷1号。以2台大客车（广州643）一条线路（人民医院至石岐氮肥厂）、13名职工开始公共汽车服务。','admin','2014-05-16 15:40:46','<p>1、1975年10月，中山县石岐镇公共汽车公司（公司前身）成立，位于石岐镇孙文路桑基巷1号。以2台大客车（广州643）一条线路（人民医院至石岐氮肥厂）、13名职工开始公共汽车服务。<br />\r\n2、1983年公司由孙文东路桑基巷搬迁至中山一路（现交通商业城）。<br />\r\n3、1984年中山撤县改市后，公司更名改为中山市公共汽车公司。<br />\r\n4、1987年公司由中山一路搬迁至西区岐沙路。<br />\r\n5、1990年8月，中山市人民政府制定中府【1990】100号文《关于制定扶持城区公共汽车客运事业发展的若干优惠政策的通知》，俗称&ldquo;放水养鱼&rdquo;政策。<br />\r\n6、1991年9月，中山市政府以中府办【1991】128号文做出了《关于机动三轮车限期在城区使用、进一步改善公共交通的通知》，并且在128号文中明确提出出租小车除实行公共汽车的优惠政策外，政府还将制定特殊政策，以支持该项事业的发展。<br />\r\n7、1992年1月，中山市首批出租小车由我公司投入营运。<br />\r\n8、1994年9月，中山市公共汽车公司富华总站正式启用。<br />\r\n9、1994年11月，首条无人售票中巴线路2路线正式开通。<br />\r\n10、 1995年4月，经市建委党委批准，公司党总支成立。<br />\r\n11、 1995年10月，占地约50亩的乐群站场正式投入使用。<br />\r\n12、 1996年2月，在国内公交同行中率先实施&ldquo;70岁以上老人免费乘坐公共汽车&rdquo;的规定。<br />\r\n13、 1997年9月，&ldquo;富华总站至小榄车站&rdquo;线路开通，在全省21个地级以上城市率先实现农村镇镇通公共汽车。<br />\r\n14、 1998年2月，中共中央政治局委员、中央文明委主任、中宣部部长丁关根视察公司，对企业两个文明建设给予较高评价。<br />\r\n15、 1998年12月，市政府作出《关于进一步支持我市公共交通事业发展的通知》（中府【1998】99号）。<br />\r\n16、 1998年12月，中国共产党中山市公共汽车公司委员会成立。<br />\r\n17、 1998年公司公共汽车营收首次突破亿元大关。<br />\r\n18、 1999年1月，中国共产主义青年团中山市公共汽车公司委员会成立。<br />\r\n19、 1999年7月，公司获&ldquo;全国职工职业道德&lsquo;十佳&rsquo;单位&rdquo;荣誉称号，公司党委书记、总经理高赞行受到中共中央政治局常委、中央书记处书记、全国总工会主席尉建行的接见。<br />\r\n20、 2001年9月，首批高级公共汽车投入营运。<br />\r\n21、 2002年8月，设备先进、功能齐全的城东站场落成并正式投入使用。<br />\r\n22、 2004年4月开始，公司执行市&ldquo;双拥&rdquo;工作会议精神，我市的现役军人、荣誉军人凭证可免费乘坐市内公共汽车。<br />\r\n23、 2004年9月，中山市人民政府在民众镇市场举行&ldquo;中山市村村通班车庆典仪式&rdquo;，宣告实现了市域295个行政村&ldquo;村村通班车&rdquo;的目标，同时标志着我市城乡一体化公共交通营运模式取得了的阶段性成果。<br />\r\n24、 2004年11月，公司开始执行本市残疾人免费乘坐公共汽车的政策。<br />\r\n25、 2005年9月，&ldquo;中山市智能交通系统应用试点示范工程&rdquo;通过国家智能交通系统协调指导小组验收。其中&ldquo;智能公交系统&rdquo;的应用和推广将为公司进一步提高管理和服务调度水平提供强大的技术支持。<br />\r\n26、 2005年12月，占地约70亩的城南公交客运综合站场投入使用。<br />\r\n27、 2007年12月，占地约30亩的金斗湾公交客运综合站场投入使用。<br />\r\n28、 2008年2月，春节后第一个工作日，全市公共交通发展工作会议在我公司召开，提出了城乡统筹、政府主导、政策扶持、有序竞争、优先发展的总体要求。<br />\r\n29、 2008年，市政府出台《关于优先发展城市公共交通的实施意见》（中府办[2008]40号）、《中山市公交行业体制改革方案》（中府办[2009]86号）<br />\r\n30、 2009年2月，首条跨市公交线路80路 &ldquo;中山黄圃&mdash;&mdash;顺德容桂&rdquo;开通。<br />\r\n31、 2009年2月，我公司控股的中山市三乡公共汽车有限公司成立。<br />\r\n32、 2009年，政府出台《中山市公交客运线路运营服务质量评价考核实施办法》（中府办[2009]78号）、《中山市优先发展城市公共交通实施方案》（中府办[2009]79号）<br />\r\n33、 2009年9月，公司更名改制为中山市公共交通有限公司。<br />\r\n34、 2009年10月，中山市北部公共汽车有限公司成立，是我市首个以组团模式组建的公共汽车公司。<br />\r\n35、 2010年3月，占地约65亩的黄圃公交客运综合站场投入使用。<br />\r\n36、 2010年7月，市委书记、市人大常委会主任陈根楷出席100辆LNG公共汽车投入运营。<br />\r\n37、 2010年8月和9月，市委副书记、代市长薛晓峰两次体验公交出行，并到公司调研公交发展工作，提出八点工作要求和&ldquo;国庆前明显改善，元旦前根本改善&rdquo;的两个改善目标。<br />\r\n38、 2010年9月至12月，公司先后完成对中山市永安汽车运输有限公司、中山市城区客货运输有限公司、中山市三角现代汽车运输有限公司、中山市南朗运输有限公司、中山市张家边坚信汽车运输有限公司车辆等资产收购及线路移交工作，并与沙溪隆都客货运输有限公司签定归编管理协议。</p>\r\n'),('402881034603eddb014603fc96920006','402881034603eddb014603eef5600000','集团公司组织机构','一、职能部门： 1、办公室，设置文秘宣传中心、文控会务中心；','admin','2014-05-16 15:43:43','<p>一、职能部门：<br />\r\n1、办公室，设置文秘宣传中心、文控会务中心；<br />\r\n2、人力资源部，设置人事薪酬中心、招聘培训中心；<br />\r\n3、计划财务部，设置计划财务中心、票务结算中心；<br />\r\n4、纪检/监察室，纪检、监察与工会合署办公；<br />\r\n5、公交营运部，设置运调指挥中心、生产规划中心、公交服务中心；<br />\r\n6、安全保卫部，设置安全稽查中心、安全保卫中心；<br />\r\n7、运输技术部，设置车辆技术中心、信息技术中心、燃料供应中心；<br />\r\n8、物业服务部，设置场站服务中心、饭堂服务中心；<br />\r\n二、下属分公司：<br />\r\n1、中山市公共交通运输集团有限公司公共汽车分公司，设置综合办公室、乐群车队、城东车队、城南车队、火炬开发车队、港口车队、古镇车队、电动汽车车队；<br />\r\n2、中山市公共交通运输集团有限公司乐群和城东汽车修配厂，设置技术办公室、配件供应中心、乐群车间、城东车间、城南车间、电气维修车间；<br />\r\n3、中山市公共交通运输集团有限公司出租汽车分公司；<br />\r\n4、中山市公共交通运输集团有限公司广告分公司；<br />\r\n5、中山市公共交通运输集团有限公司校车分公司；<br />\r\n三、全资子公司：<br />\r\n1、中山市北部公共汽车有限公司，设置综合办公室、黄圃车队、三角车队；并设立中山市北部公共汽车有限公司汽车修配厂，设置技术办公室、黄圃车间、三角车间；<br />\r\n2、中山市中南公共汽车有限公司，设置综合办公室、坦洲车队、三乡车队、小巴车队；并设立中山市中南公共汽车有限公司汽车修配厂，设置技术办公室、坦洲车间、三乡车间；<br />\r\n3、中山市城市汽车客运站有限公司、中山市坦洲金斗湾汽车客运站有限公司，设置综合办公室、城南客运站、坦洲金斗湾客运站、黄圃客运站；<br />\r\n4、中山市公交自行车有限公司，设置综合办公室、自行车车队、自行车维修车间。</p>\r\n'),('402881034603eddb014604017f98000d','402881034603eddb014603ffa5280009','人才招聘','人才招聘','admin','2014-05-16 15:49:05','<p>一、乘务员<br />\r\n女性，身高150cm以上，年龄18-35岁,初中以上学历,能讲普通话，最好能听懂粤语，无晕车史，身体健康。<br />\r\n二、驾驶员<br />\r\n身高160cm以上，45岁以下，有A1驾驶证、大客车从业资格证，驾驶技术熟练，身体健康。<br />\r\n三、汽车维修技工<br />\r\n男性，43岁以下，持有汽车维修资格证，有一定的维修技能，身体健康。招聘的工种包括发动机维修工、底盘工、电工、焊工、喷漆工等。</p>\r\n\r\n<p>工资及福利待遇<br />\r\n1、按营收及工作时间计酬，实行多劳多得，乘务员月工资2500元至4000元，驾驶员月工资4000元至6000元，维修技工月工资3200元至5500元；<br />\r\n2、公司按规定为员工参加养老、医疗等社会保险；<br />\r\n3、提供约6人一间公寓式集体宿舍，宿舍内有厨房、洗手间，配有电视机、空调等基本设施；<br />\r\n4、提供福利性集体饭堂供员工用餐（员工只须付早餐2元，正餐3元，不足部分由公司以福利性补贴）；</p>\r\n\r\n<p>招聘地址：中山市南区城南客运站二楼人力资源部<br />\r\n联系电话：（0760）23333636</p>\r\n'),('402881034603eddb01460401f2ec000e','402881034603eddb014603ffa5280009','车身广告','车身广告','admin','2014-05-16 15:49:35','<p><span style=\"color:rgb(102, 102, 102); font-family:宋体; font-size:12px\">公共汽车广告形象、 逼真、 直接、 宣传面广、 宣传力度大、 宣传刊期长、 反馈速度快、 价格实惠, 是企业形象和产品质量宣传的理想广告媒体。</span><br />\r\n<span style=\"color:rgb(102, 102, 102); font-family:宋体; font-size:12px\">联系单位：中山市宇通交通广告有限公司</span><br />\r\n<span style=\"color:rgb(102, 102, 102); font-family:宋体; font-size:12px\">联系电话：0760-88888861</span><br />\r\n<span style=\"color:rgb(102, 102, 102); font-family:宋体; font-size:12px\">网站：</span><a href=\"http://www.zsbusad.com/\" style=\"font-size: 12px; color: rgb(102, 102, 102); text-decoration: none; font-family: Arial, Helvetica, sans-serif; line-height: 25px;\">www.zsbusad.com</a></p>\r\n'),('402881034603eddb014604088b89000f','402881034603eddb014603f1cc3c0002','第六届十佳员工-李孝荣','第六届十佳员工-李孝荣','admin','2014-05-16 15:56:47','<p><strong>不待扬鞭自奋蹄&mdash;&mdash;李孝荣</strong></p>\r\n\r\n<p>&nbsp; &nbsp; 李孝荣，城东汽车修配厂整车大修理二班维修技工，连续多年被评为公司的先进生产者。<br />\r\n&nbsp;&nbsp;&nbsp; &ldquo;块块荒田水和泥，深翻细作走东西。 老牛亦解韶光贵，不待扬鞭自奋蹄。&rdquo;著名诗人藏克家先生这首脍炙人口的《老黄牛》用来形容李孝荣同志这种兢兢业业、任劳任怨的老黄牛精神是最合适不过了。<br />\r\n&nbsp; &nbsp; 他就象我们公交战线上的一头令人敬佩&ldquo;老黄牛&rdquo;。 他不善言辞，默默无闻，但和他接触过后，就会发现到他工作积极、细致，能吃苦耐劳，不计个人得失，有很强的事业心和上进心的品质。<br />\r\n&nbsp;&nbsp;&nbsp; 十多年来，他一心扑在工作上，为使在修运营车辆及时投入运营生产，经常主动放弃个人休息，加班加点。每年春运期间，公司整车中修理作业暂停，整车大修理班大多数员工都回家过年，可他总会第一个主动申请留在厂内值班。<br />\r\n　　在很多人眼中，公交车辆的维修是很粗很脏很累的活，他却把它做得如此细致：密封胶条齐齐整整、密实平滑，乘客扶手固定螺丝丝丝入扣、圆滑平整&hellip;&hellip;。有人说，他在工作中不仅肯出力，很会用心、用脑，还把所有的本领毫无保留的全部传授给自己的学徒。作为我公司整车大修理的&ldquo;元老&rdquo; 和技术骨干，李孝荣同志在开发整车大修理和整车中修理业务等的过程中，充分发挥自己的技术优势，肯学、肯钻、肯干，解决了生产实际中的许多难题。平时工作中，哪里有困难，哪里遇到了技术难题，他都会出现在哪里，同时，经常组织修配员工学习，现场模拟教课，直到员工懂为止。<br />\r\n　　作为在公交战线上工作了十几年的汽车维修技工，他是普通的，也是特殊的。他的普通就在于十几年间，他所做的只是一件事：把车修好；他的特殊则在于一般人做不到的，他做到了；一般人不愿做的，他做了；一般人想不到的，他想到并做到了。<br />\r\n　　在李孝荣同志的身上，充分体现了&ldquo;老黄牛精神&rdquo;，体现了 &ldquo;辛苦我一个，方便千万人&rdquo;的公交人精神。这种精神体现在他对公交事业的忠诚执著上，体现在他在平凡岗位上兢兢业业、任劳任怨、无私奉献上。</p>\r\n'),('402881034603eddb014604092f330010','402881034603eddb014603f1cc3c0002','第六届十佳员工-陈莉雯','第六届十佳员工-陈莉雯','admin','2014-05-16 15:57:29','<p><strong>细致严谨出成绩&mdash;&mdash;陈莉雯</strong><br />\r\n<span style=\"color:rgb(102, 102, 102); font-family:宋体; font-size:12px\">&nbsp;&nbsp;&nbsp;&nbsp;</span><br />\r\n<span style=\"color:rgb(102, 102, 102); font-family:宋体; font-size:12px\">&nbsp; &nbsp; 陈莉雯，城东票务中心的负责人，多次被评为公司的先进生产者。她牢固树立服务企业票款收入安全运行和服务&ldquo;方便乘务员交款工作&rdquo;的思想，严格按照有关财经纪律及制度，积极完善票务收款结算制度和结算程序，做好收款流程中每个环节的过程控制，力求准确、快捷和安全，并充分利用计算机管理对乘务员与收款员交付与收取过程进行数据化监督和审核。</span><br />\r\n<span style=\"color:rgb(102, 102, 102); font-family:宋体; font-size:12px\">　　她工作认真细致，为了保证公司票款安全入库，将管理工作的重点放在认真落实严密的收款结算程序上，对每一个岗位、细小的环节都不放过，并对收款员工作程序中每个环节的准确性、安全性进行严格控制。同时，为了更好地激励点钞员的工作积极性，提高工作效率，完善无人售票点钞、复核、交款程序，她通过平时观察、原始数据积累及外出学习与相关人员讨论研究等，拟订并实施了无人售票组按劳取酬考核办法，有效激励了点钞员的工作积极性，提高了员工工作效率，使无人售票线路的点钞程序更加严密有序。并通过具体岗位分析，及时适应性地调整票务工作内容及工作时间。</span><br />\r\n<span style=\"color:rgb(102, 102, 102); font-family:宋体; font-size:12px\">　　作为部门的负责人，她努力转变票务工作人员的服务观念，强化票务工作人员积极与分公司及乘务员交款的沟通，协助配合分公司做好住宿点乘务员的发票、收款、结算工作，保证了分公司营运生产的正常进行。同时，利用所学知识，根据乘务员实际工作状况、遇到的难题及原票务管理软件存在的问题，和计算机技术人员进行探讨并完善票务管理软件，把原发票员手工发票的方式改为使用计算机发票方式，使得乘务员的领票情况能在发票时立即入帐，省去以前先发票后输入数据的一道中间环节，也避免了因中间环节出错所导致的不必要的差错，使现行的票务管理软件使用起来更便捷、准确。</span><br />\r\n<span style=\"color:rgb(102, 102, 102); font-family:宋体; font-size:12px\">　　另外，她还担任了乘务员岗前培训的工作，每节课她都认真细致地做好备课工作，根据工作实践中发现的问题，引导乘务员掌握票务结算的工作技巧及解决实际问题的能力，使她们在上岗后能轻松自如地胜任工作。</span></p>\r\n'),('402881034603eddb01460409ff5c0011','402881034603eddb014603f1cc3c0002','第六届十佳员工-杨志权','第六届十佳员工-杨志权','admin','2014-05-16 15:58:22','<p>开拓创新求真务实&mdash;&mdash;杨志权<br />\r\n&nbsp;<br />\r\n&nbsp; &nbsp; 杨志权，广告部经理，多次被公司评为先进生产（工作）者。该同志在工作中，以严谨的工作作风和认真的工作态度，良好的领导能力，来调动部门所有的成员团结一致，敬业、勤业，群策群力，勇于创新，拓展业务，为公司创造了新的利润增长点。2007年上半年，公司制作金龙车型整车广告共162台次，实现业务营收578万元，较好地缓冲了因油价上涨造成的营运成本增加的压力。<br />\r\n近两年是公司广告部改革、加快发展的时期，也是广告部树立全新经营管理理念，开拓资源、提升核心竞争力的关键时期，更是落实以客户为中心、面向市场、适应市场经济发展规律的两年。从05年开始，广告部抓住了市政府允许公共汽车制作车身广告的机遇，积极开拓业务，新增加了金龙车整车车身广告和拉手广告业务。业务量增多，工作强度和难度骤然增大，面对这些挑战和压力，杨志权信心百倍，因为他坚信，有志者，事竟成。他召开部门会议，调动成员的积极性和创造性，会后，组织员工到周边城市与公交同行加强交流学习，探索解决技术难题的好办法，做好广告设计、制作、发布、维护等工作。同时做好与客户之间的沟通、联系工作，勤跑业务，了解客户的需求，终于，工夫不负有心人，这块&ldquo;硬骨头&rdquo;终于啃了下来，赢得了客户不断称赞，逐步扩大广告业务市场。<br />\r\n&nbsp; &nbsp;他在工作之余，组织部门员工认真学习、贯彻、执行《广告法》、《广告宣传精神文明自律规则》、《广告行业公平竞争自律守则》及相关政策法规，并结 合本单位广告业务特点展开讨论和交流，不断增强从业人员的法制观念和执行法规的自觉性 ，而且在业务活动中积极向广告客户宣传《广告法》和国家有关政策法规，使大家逐步形成 广告是一种有责任的承诺的共识，使广告主认识到保护消费者的利益也是保障广告主自身利益的道理，制度建设强化了内部监督制约机制，规范了广告业务运作，提高了全体从业人员遵纪守法和恪守职业道德的自觉性，提高了整体 服务质量。</p>\r\n'),('402881034603eddb0146040ab5090012','402881034603eddb014603f1cc3c0002','第六届十佳员工-何仰正','第六届十佳员工-何仰正','admin','2014-05-16 15:59:09','<p>党员示范岗好司机&mdash;&mdash;何仰正</p>\r\n\r\n<p>&nbsp; &nbsp; 何仰正是三分公司的一名驾驶员，在公司工作快满10年了。他先后走过3路、5路、38路等多条路线。自入公司以来，没发生过一起有责交通事故，安全行车70万公里以上。不管开那一种车，走那一条线，何仰正都坚持一种态度，就是安全行车，文明待客。<br />\r\n&nbsp; &nbsp; 公交营运具有服务性强、线长、面广，交通环境复杂特点，作为公交车驾驶员，何仰正知道手上方向盆的份量。他总结说：&ldquo;心态平和、操作规范、安全意识、排除隐患&rdquo;是安全行车四大要素。他说：&ldquo;以38路线为例，38路线由孙文公园开往黄圃车站，途经两区七镇，沿涂红绿灯路口就有四十多个，很多镇村民工，外来员工交通安全意识很差，走这条线要很注意安全&rdquo;。2004年，何仰正光荣加入到创建&ldquo;党员示范岗&rdquo;活动行列。在高标准，严要求的创建中，有17年党龄的何仰正以&ldquo;岗位建功、奉献社会&rdquo;为目标，在岗位服务工作中积极发挥了党员先锋模范作用，展示了公交党员的良好形象。<br />\r\n&nbsp; &nbsp; 2005年8月2日，来自安徽的大学毕业生小朱坐车赶往南头，粗心的小朱被小偷&ldquo;光顾&rdquo;了，这一切，也被热心的当班驾驶员何仰正看在眼里。就在小偷下车的时候，何仰正立即追了上去，为小朱夺回了钱包。<br />\r\n&nbsp; &nbsp; 2006年10月17日，38路粤T09351车到达博爱医院终点站。因有乘客途中吐了，乘务员到站后就立即拿水桶到外面打水。何仰正拿起扫把帮忙打扫，他在清洁过程中在后排座位下发现了一个钱包，打开一看，里面有厚厚的一叠百元现金，估计在万元以上，还有银行卡、身份证等。对家境贫困的何仰正来说，这些钱很有诱惑力。原来，何仰正的妻子在2004年突患白血病，已用去40多万元，现还借了20多万元，现每月用于治疗少则2千，多则5千，家里还有正在读书的孩子和年迈的双亲家庭经济很困难。但何仰正心里清楚，这钱不是自己的，丢钱的人心里肯定很着急，想到这，他立即向公司汇报了此事，并把钱包交回公司。经点算，钱包共有现金人民币12043.75元，银行卡4个，身份证证、暂住证一张。公司找到失主后，失主陈先生把印有&ldquo;拾金不昧、金心司乘&rdquo;的锦旗送到公司，紧紧地握住了他的手，连声到谢。<br />\r\n&nbsp; &nbsp; 07年春运是何仰正入公司以来的第九个春运，何仰正将继续他的坚持，在这个平凡的工作岗位继续展示公交党员的良好职业道德和精神风貌。</p>\r\n'),('402881034603eddb0146040b1d230013','402881034603eddb014603f1cc3c0002','第六届十佳员工-马良发','第六届十佳员工-马良发','admin','2014-05-16 15:59:35','<p>乘客至上，服务第一 &mdash;&mdash;马良发<br />\r\n&nbsp; &nbsp;&nbsp;<br />\r\n&nbsp; &nbsp; 马良发是二分公司1路线的驾驶员，在履行营运工作职责过程中，马良发坚持以&ldquo;乘客至上，服务第一&rdquo;为宗旨，以乘客满意为自己的工作归宿点，立足本职、脚踏实地，采用形式多样的服务方式为乘客提供良好的乘车环境和乘车服务，确保乘客安全、快捷、舒适地到达目的地。<br />\r\n马良发在日常营运中自觉遵章守纪、文明驾车。为保障车辆技术性能良好，确保车辆的正常营运，马良发每日坚持按公司要求落实好出车前、营运中、回场后的车辆 &ldquo;三检&rdquo;制度，使车辆机件运作状况良好，减少出现营运途中坏车失班等现象，为乘客提供安全、准时、快捷的公交服务。与此同时，由于对车辆保养到位，车辆技术性能得到保障，从而为分公司节省了维修材料、燃油等营运成本，创造了良好的节能效益。&nbsp;<br />\r\n此外，马良发还在实际营运工作积极做好车辆的保洁工作，保持车厢内外的环境整洁，保证乘车环境的舒适度。对待乘车的老人，更是多个心眼地细心照顾。在长期的驾驶工作中，马良发坚持&ldquo;用心服务&rdquo;的四原则&mdash;&mdash;1、热心服务：对乘客多看一眼，多宣传解释一句，多帮助一把；2、细心服务：工作中细心观察乘客动态和车辆运行状况；3、诚心服务：既要爱岗敬业，忠于职守，又要诚心诚意，为乘客提供优质服务；4、恒心服务：在工作中加强学习，并持之以恒，精益求精，脚踏实地一点一滴地干好自己的工作。<br />\r\n一次，车组行驶到张家边路口站时，马良发认出站台上的人群中，有两名外地来的惯偷，他立即用高声提醒车内、站上乘客注意保管好身上的钱物，依次上车不要挤，两人见无从下手只好作罢，事后车上群众纷纷对马良发投以赞许的目光。<br />\r\n一位在加工区打工的陈小姐对马良发的印象特别好，专门给分公司写了一封感谢信，讲述她在2005年9月的一次乘车过程丢失物品，车组成员拾金不昧，想尽办法寻回失主的感人事迹。<br />\r\n马良发在工作岗位上日复一日地默默耕耘，每日面对上千个不同的新面孔，虽从事着在旁人看来单调而枯燥的工作，但是许多乘坐过他驾驶的公交车的乘客都有相同的感觉&mdash;&mdash;那就是如家一般的温馨体贴感。该员工员为公交窗口行业树立了学习的典范，同时也塑造出中山公交人甘于奉献和助人为乐的良好形象。</p>\r\n'),('402881034603eddb0146040b73dd0014','402881034603eddb014603f1cc3c0002','第六届十佳员工-梁添德','第六届十佳员工-梁添德','admin','2014-05-16 15:59:57','<p>22路线上的好司机&mdash;&mdash;梁添德</p>\r\n\r\n<p>&nbsp;&nbsp;&nbsp; 认识梁添德的人都真诚地以&ldquo;德叔&rdquo;来称呼他，其中不只因为他在一分公司服务的时间已超过10年，更因为他始终以无私的工作态度和忘我的敬业精神在自己平凡的岗位上默默地奉献着，为自己所从事的公交服务付出了满腔热忱，捧出了全部真诚而受人敬重。<br />\r\n　　德叔时刻把安全行车当成是自己的天职，他坚持做到谨慎驾驶，安全第一。只要坐过德叔的车的人，都称赞他优质的服务态度和过硬的业务素质和驾车技术。每次进站，车都非常平稳，在发车前，德叔总是用眼光扫一下车厢，看乘客们坐好了，才启动缓缓出站。对那些持免费乘车证的公公、婆婆，更是热情有加。在接送校车的任务中，他真的成了学生们的叔叔，常常教育学生注意安全，遇上雨天还亲自备雨伞护送学生，认真地将年幼的学生安全准点地在学校与家长之间来回接送，家长们都说&ldquo;有这样的驾驶员员，我们一百个放心。&rdquo;<br />\r\n&nbsp;&nbsp;&nbsp;&nbsp; 在乘客或同事的眼中，德叔一直是温文尔雅的，可是对不法分子的扰乱，他却是禀然正气。一次车行到环城市场站，德叔从倒后镜中看见有一位乘客使劲靠近车门但却没上车，好像还有意妨碍其它乘客上车，等其他人都上车后，他却匆匆向后离去。德叔凭着多年驾驶公共汽车的经验，觉得这位行踪可疑的乘客肯定有问题。于是他马上制动手刹，一个箭步地冲下车，那位&ldquo;乘客&rdquo;知道不妙便飞跑起来，德叔在后穷追不放，眼看越来越近了，&ldquo;乘客&rdquo;担心逃不掉，只好把手机扔到地上继续拼命地奔跑，由于营运任务在身，德叔没有再继续追下去，他捡起了手机，满脸通红喘着气地回到了车上。将手机还给失主后，德叔微笑着回到驾驶位继续。&nbsp;<br />\r\n　　德叔在岗位服务中总是做到&ldquo;上&rdquo;心&ldquo;热&rdquo;心和&ldquo;事&rdquo;到&ldquo;情&rdquo;到。记得一个星期五下午5点，一个十一二岁的小男孩从南下站上车，上车后乘务员问他要去哪里，小男孩却不回答，只是拼命地点头，使乘务员十分为难。梁添德停车看了小男孩一眼，印象中这个小男孩之前也坐过22路线车，又想起小男孩的父亲好像在公司宿舍楼下贴过小男孩的相片，公司开例会时彭伟成站长好像也提过，有一位患有先天性智障的小男孩经常乘车往返于坦洲龙塘与南下之间。想到这里，梁添德吩咐乘务员看看小男孩有没有什么证件之类的，乘务员打开书包，果然看到一张残疾证及特殊学校的学生卡，里面还夹着小男孩的父亲写的纸条：&ldquo;这个孩子身上没有钱，星期五从特殊学校回家，南下上车，龙塘下车；星期天龙塘上车，南下下车，请各位好心人特别是22路线的人员给予帮忙和照顾。&rdquo;看到纸条后，德叔和乘务员安排小男孩坐好，并安全地把他送到下车点。<br />\r\n　　10年来，德叔为了服务人群，服务社会，默默无闻地奉献着自己的爱心和热情，他用自己的汗水谱写了一篇篇真情的感人的乐章。他的职业道德精神受到了乘客的称赞，任劳任怨，敬业精神受到了领导的肯定。</p>\r\n'),('402881034603eddb0146040d80220015','402881034603eddb014603f1cc3c0002','第六届十佳员工－陈小琴','第六届十佳员工－陈小琴','admin','2014-05-16 16:02:12','<p>宽以待人，微笑待客&mdash;&mdash;陈小琴<br />\r\n&nbsp;<br />\r\n&nbsp; &nbsp; 陈小琴是一分公司的一名乘务员，她思想素质与服务素质较高，工作努力肯干、为人踏踏实实，待人谦逊诚恳，服从工作分配。当工作需要她在坦洲镇站点住宿的时候，她没有半点的怨言，欣然地接受了公司的安排。在公司工作7年以来，她在平凡的岗位上，一直用亲切的微笑、文明的语言全心全意为乘客服务，把自己的快乐信念传递给乘客，使乘坐过她的人都有一种感觉，那就是，宾至如归。<br />\r\n&nbsp; &nbsp; 记得有一次一位青年乘客上车递过一张一元钱买票，乘务员陈小琴向他解释22路线上车起步价是两元，请再补一元，那乘客说自己不到两公里就下车，问可不可以收一元，说话之余还好像故意用逗乐的方式来达到目的一样。陈小琴满面笑容耐心地跟他解释：&ldquo;请你理解一下，这是收费标准，且我收到的钱也不是归我的，如果我因你而异，那你猜猜车上的其它乘客认为我这样做公不公平？&rdquo;面对陈小琴满怀笑脸的反问，青年乘客觉得如此满意的服务并不是一块钱就能换来的，并立即付钱补票。<br />\r\n&nbsp; &nbsp; 即使面对无理取闹的乘客，她始终用心去换取乘客的理解，用情去换乘客的满意。一次车行到人民桥上，一名男乘客便嚷着要下车，陈小琴忙走过去跟他说：&ldquo;先生，桥上不允许停车的，请你先坐下来好吗。&rdquo;不料乘客不理睬，还继续对司乘吆喝。此时车刚好在桥上转弯，陈小琴抓住机会扶住另外一位站着的乘客说：&ldquo;小心扶稳了，转弯很容易摔到的&rdquo;，然后依然温和地对闹着下车的乘客说：&ldquo;到前面站我叫你下车好吗？&rdquo;事后有乘客对陈小琴说：他那么大声又那么粗鲁，你何必对他那么礼貌呢。陈小琴笑着说：&ldquo;正因为他粗鲁，所以我才温和。&rdquo;记得刘墉的《人生万花筒》里也有这样一句话：&ldquo;正因为道理一说就明白，所以用不着大声。&rdquo;陈小琴简简单单的一句话，正是对这个道理的诠释。笑对自己，有个好心情；笑对乘客，有个好服务，何乐而不为呢。<br />\r\n&nbsp; &nbsp; 陈小琴在工作中的不懈努力，不仅得到了乘客的称赞，也得到领导和同事的肯定，连续两年被公司评为先进工作者。如今，她仍继续以微笑和真情迎接四方宾客，在平平常常的公交车厢里，在简简单单的重复服务中，在众多的乘客面前，让真情在车厢里闪光。她用自己的汗水不断创新服务质量和品牌，让22路线在我市的文明窗口中再显新绩。</p>\r\n'),('402881034603eddb0146040e37f20016','402881034603eddb014603f1cc3c0002','第六届十佳员工-王真花','第六届十佳员工-王真花','admin','2014-05-16 16:02:59','<p>爱岗敬业好员工&mdash;&mdash;王真花</p>\r\n\r\n<p>&nbsp; &nbsp; 王真花自2000年12月进入公司来曾获2004年、2005年公司先进生产者称号。王真花在日常营运中能够严格按照相关法规和公司的各项规章制度办事，认真负责、爱岗敬业，想乘客所想、急乘客所急，坚持&ldquo;辛苦我一个，方便千万人&rdquo;的服务理念，为乘客提供良好的乘车服务，树立良好的公交风貌。她所在车组2005年全年以及2006年上半年实现零投诉，她本人在2005年1月至2006年6月的六次季度评比中也屡获满分，受到分公司领导的多次表扬。 &nbsp;&nbsp;<br />\r\n&nbsp; &nbsp; 为使乘客能够享有舒适的乘车环境，不管刮风下雨，王真花都严格按照公司的要求每日坚持做好出车前、首末站、回场后的车辆内外的清洁卫生，保持车厢内空气畅通清新、环境整洁。在乘务服务中，她逢站必报，热情待客。尤其关注老人、孕妇、儿童、残疾人等弱势群体，并主动宣传尊老爱幼助残的美德，动员有条件的乘客让座，使她所在的车组成为了弘扬社会主义道德新风尚的一道靓丽的流动风景线。有几名老人，经常往返于富洲酒店和紫马岭公园之间，每次搭上许月珍的车，都有一种亲切、舒心、安全的感觉，日复一日逐渐对该车组人员细心、热情的服务感到敬佩。于是他们联名写信到公司，表扬车组人员热情周到的服务，感谢车组人员一直以来为他们出行时所提供细心照料，并在信中说到：&ldquo;虽然我们是免费乘客，但司乘人员却是一视同仁，并给予了我们特殊的服务，使我们感到宾至如归的感觉，令我们非常感激。&rdquo;<br />\r\n&nbsp; &nbsp; 记得有一次，真花发第一班车，有个男青年上了车并掏出一百元买票，当时真花没有零钱，就说：&ldquo;不好意思，我是发第一班的，没有零钱找，你有零钱吗？&rdquo;&ldquo;没有，对方回答。&rdquo;她思忖着，要是叫他坐下一班车，这不是很好的选择，要是免费给他坐，这又损失了国家的财物，怎么办。这时，真花从自己口袋拿出了一百元钱说：&ldquo;这次我帮你先买票吧，下次记得准备好零钱坐车哦。&rdquo;他听了非常感动，暗地里记下了真花的车号，等到下班时，等着她行车经过的地方把钱补回给她，并送上真挚的谢意。<br />\r\n&nbsp; &nbsp; 王真花在公交12路线的工作岗位上每日面对上千个不同的新面孔，但是乘客在许月诊脸上所看到的都是热情带笑的面孔。她为公交窗口行业树立了学习的典范，同时也塑造出中山公交人甘于奉献和助人为乐的良好形象。</p>\r\n'),('402881034603eddb0146040ed0140017','402881034603eddb014603f1cc3c0002','第六届十佳员工-吴桂芳','第六届十佳员工-吴桂芳','admin','2014-05-16 16:03:38','<p>赠人玫瑰，手留余香&mdash;&mdash;吴桂芳</p>\r\n\r\n<p>&nbsp; &nbsp; 吴桂芳自1999年入公司以来一直坚持以乘客为中心，秉承&ldquo;立足岗位，每天奉献&rdquo;的宗旨做好工作。特别是在开展争创&ldquo;巾帼文明示范岗&rdquo;、&ldquo;青年文明号&rdquo;活动以来，充分发挥当代妇女、青年生力军作用，用实际行动实践承诺，赢得沿线乘客的赞誉。<br />\r\n&nbsp; &nbsp; 在2001年8月18日，吴桂芳执行12路营运任务时在翠亨路段发现了一名交通事故伤员，吴桂芳与驾驶员立即上前为伤员包扎并把他送到附近的医院治疗。当伤者家属来到掏出800元答谢她时，她一口拒绝的说：&ldquo;不要这样，救死扶伤是我们应该做的。&rdquo;&nbsp;<br />\r\n&nbsp; &nbsp; 为了做好营运服务工作，使自己服务工作规范化、制度化，吴桂芳在车上特设了一本日常服务工作登记本，记录了日常工作的重点项目和注意事项。登记本还设立了乘客意见和热点问题项目。在休息的时候，车组成员就一起讨论，并多次利用下班业余时间，向多次获得先进积极分子的乘务员请教经验，学习经验，以提高服务效率，为乘客营造一个安全、舒适的乘车环境。<br />\r\n&nbsp; &nbsp; 2006年8月13日中午2：00时，吴桂芳执行营运任务，途经沙朗花坛路段时，发现一名途人因高温中暑晕倒在路上，他们立即上前，用湿毛巾救醒了路人。看到他们的熟练操作，有人问：&ldquo;你们是医院的吗？&rdquo;他们自豪的回答：&ldquo;不是，我们是公共汽车公司的。&rdquo;&nbsp;<br />\r\n&nbsp; &nbsp; 在日常工作中，吴桂芳努力营造良好的乘车氛围，让乘客感受文明、优质的服务。在2006年春运期间，当班乘务员吴桂芳在车上售票，当时一名乘客因票价高的问题开始责骂乘务员，话说得很难听。其他的乘客都看不过眼，对乘务员说：这些都不关你事，你还能忍？ &ldquo;乘务员回答说：&ldquo;我们的工作就是服务乘客，要做到得理让人。&rdquo;同时，春运期间，乘坐公共汽车的外地人比较多，而且携带很多行李。每一次进站，她都积极为乘客搬运行李，为乘客找好位置，每次下车时都不忘提醒乘客带好行李，注意安全。<br />\r\n&nbsp; &nbsp; 多年来，吴桂芳在开展争创&ldquo;青年文明号&rdquo;活动&ldquo;巾国文明示范岗&rdquo;的同时，还积极开展了创建&ldquo;文明线路&rdquo;、&ldquo;警民共建文明&rdquo;等精神文明建设活动，累计见义勇为、助人为乐等好人好事32宗，上交拾物总值8900元，多次受到乘客来电表扬。</p>\r\n'),('402881034603eddb01460411656f0018','402881034603eddb014603f1cc3c0002','“最美乘务员”勇斗三蟊贼受伤','“最美乘务员”勇斗三蟊贼受伤','admin','2014-05-16 16:06:27','<p style=\"text-align: center;\"><span style=\"color:rgb(102, 102, 102); font-family:arial,helvetica,sans-serif; font-size:12px\">来源于：中山商报 2010年10月20日 第 1880 期 A7版</span></p>\r\n\r\n<p style=\"text-align: center;\"><span style=\"color:rgb(102, 102, 102); font-family:arial,helvetica,sans-serif; font-size:12px\"><img alt=\"\" src=\"/w951-web-zsbus-news/upload/userfiles/images/tn_201010209571825632.jpg\" style=\"height:354px; width:500px\" /></span></p>\r\n\r\n<p style=\"text-align: center;\"><span style=\"color:rgb(0, 0, 255); font-family:arial,helvetica,sans-serif; font-size:small\">售票员小娟（左）成功抓住一名小偷。（视频截图）</span></p>\r\n\r\n<p><span style=\"color:rgb(102, 102, 102); font-family:arial,helvetica,sans-serif; font-size:14px\">&nbsp; &nbsp; 生意人陈先生身揣万余元现金，从汕头来到中山洽谈业务。由于疲惫，他在210&nbsp;路公交车上睡着了，不料被三名小偷惦记上了。事发昨日中午，幸有乘务员及时提醒，小偷未能得逞，不过两名小偷竟对乘务员拳打脚踢。另一名小偷被抓，目前警方已介入调查。</span><br />\r\n<br />\r\n<span style=\"color:rgb(102, 102, 102); font-family:arial,helvetica,sans-serif; font-size:14px\">&nbsp;&nbsp;&nbsp;&nbsp;用袋子掩护作案</span><br />\r\n<span style=\"color:rgb(102, 102, 102); font-family:arial,helvetica,sans-serif; font-size:14px\">&nbsp;&nbsp;&nbsp;&nbsp;昨日12时15分左右，事发210路公交车上，该车由黄圃客运站驶往市汽车总站。由于正值中午时分，车内乘客不足10人。其中一位男子坐在靠左边车窗位置，当时正在睡梦中，全然不知此时他已被三名小偷&ldquo;瞅&rdquo;上了。</span><br />\r\n<span style=\"color:rgb(102, 102, 102); font-family:arial,helvetica,sans-serif; font-size:14px\">&nbsp;&nbsp;&nbsp;&nbsp;通过市公交公司的监控视频，记者看到，&ldquo;睡觉男子&rdquo;的邻座无人。当公交车行驶至东升路段时，一男子故意换位到他的邻座。他将手袋平放在大腿上，而右手却悄悄地从袋底下伸过，目标就是&ldquo;睡觉男子&rdquo;的袋子。另外两男子也呈&ldquo;战斗队形&rdquo;布置，眼看就要得逞了。</span><br />\r\n<span style=\"color:rgb(102, 102, 102); font-family:arial,helvetica,sans-serif; font-size:14px\">&nbsp;&nbsp;&nbsp;&nbsp;乘务员小娟看在眼里急在心里，于是故意走到他们面前大力拉窗帘，据介绍，此举意在吵醒&ldquo;睡觉男子&rdquo;。几分钟后，&ldquo;邻座&rdquo;又换回了原座位。乘务员赶紧上去提醒&ldquo;睡觉男子&rdquo;：&ldquo;不要睡觉了！&rdquo;而他还迷迷糊糊不明白状况，&ldquo;干什么啊？&rdquo;</span><br />\r\n<span style=\"color:rgb(102, 102, 102); font-family:arial,helvetica,sans-serif; font-size:14px\">&nbsp;&nbsp;&nbsp;&nbsp;下车前猛踹乘务员</span><br />\r\n<span style=\"color:rgb(102, 102, 102); font-family:arial,helvetica,sans-serif; font-size:14px\">&nbsp;&nbsp;&nbsp;&nbsp;也许是乘务员拦了小偷的财路，趁乘务员到车尾售票时，一男子故意拦住她的去路，以给另外两人下手的机会。视频显示，乘务员最终摆脱拦路，不停地在车厢内走动。</span><br />\r\n<span style=\"color:rgb(102, 102, 102); font-family:arial,helvetica,sans-serif; font-size:14px\">&nbsp;&nbsp;&nbsp;&nbsp;12时35分左右，小偷见无法得逞，只好从车前门下车。不过，在下车前两男子对乘务员一阵拳打脚踢后扬长而去。幸有司机及时关门，其中一人被困。乘务员顾不上被踢得疼痛，拼命拉着小偷不放。警方很快赶到，把小偷带到派出所调查。</span><br />\r\n<span style=\"color:rgb(102, 102, 102); font-family:arial,helvetica,sans-serif; font-size:14px\">&nbsp;&nbsp;&nbsp;&nbsp;通过视频，记者还清楚地看到，当乘务员被拳打脚踢时，除了司机站起来帮忙外，其余乘客均无动于衷。</span><br />\r\n<span style=\"color:rgb(102, 102, 102); font-family:arial,helvetica,sans-serif; font-size:14px\">&nbsp;&nbsp;&nbsp;&nbsp;据了解，&ldquo;睡觉男子&rdquo;姓陈，在汕头有自己的工厂。此次他带着万余元现金来中山谈生意。在派出所里，他才明白乘务员被打，全是因为提醒自己而遭小偷报复。&ldquo;非常感谢乘务员，若不是她这些钱早就没影了，皮包虽已被划破但钱还在。昨晚没睡觉，实在太累了。&rdquo;陈先生说。</span><br />\r\n<span style=\"color:rgb(102, 102, 102); font-family:arial,helvetica,sans-serif; font-size:14px\">&nbsp;&nbsp;&nbsp;&nbsp;小娟曾获评&ldquo;最美丽乘务员&rdquo;</span><br />\r\n<span style=\"color:rgb(102, 102, 102); font-family:arial,helvetica,sans-serif; font-size:14px\">&nbsp;&nbsp;&nbsp;&nbsp;对这突如其来的殴打，乘务员小娟难以接受。据了解，到派出所时，她在不停地哭。由于小偷狠狠地踢她的腹部，仍在隐隐作痛。记者拨打她的电话，发现已关机。据同事介绍，小娟心情难以平复，不想说话。</span><br />\r\n<span style=\"color:rgb(102, 102, 102); font-family:arial,helvetica,sans-serif; font-size:14px\">&nbsp;&nbsp;&nbsp;&nbsp;其实，小娟已经不是头一次被小偷殴打了。今年年初，在205路公交车上，小娟看到惯偷上车后，提醒乘客小心扒手而被打成软组织挫伤。不过事后，小娟表示自己一点都不后悔。事件经媒体报道后，引起广泛同情，还被网友评为&ldquo;最美丽的乘务员&rdquo;</span><br />\r\n<span style=\"color:rgb(102, 102, 102); font-family:arial,helvetica,sans-serif; font-size:14px\">辨别小偷方法</span><br />\r\n<br />\r\n<span style=\"color:rgb(102, 102, 102); font-family:arial,helvetica,sans-serif; font-size:14px\">&nbsp;&nbsp;&nbsp;&nbsp;三人以上联合作案。由于做贼心虚，小偷一般不敢一两个人在公交车上作案。</span><br />\r\n<span style=\"color:rgb(102, 102, 102); font-family:arial,helvetica,sans-serif; font-size:14px\">&nbsp;&nbsp;&nbsp;&nbsp;背个挎包。背个挎包，疑似上班族更易迷惑乘客。</span><br />\r\n<span style=\"color:rgb(102, 102, 102); font-family:arial,helvetica,sans-serif; font-size:14px\">&nbsp;&nbsp;&nbsp;&nbsp;在车内经常换位子。小偷上车后坐不住，四处寻找猎物，然后故意换位。</span><br />\r\n<span style=\"color:rgb(102, 102, 102); font-family:arial,helvetica,sans-serif; font-size:14px\">&nbsp;&nbsp;&nbsp;&nbsp;目标多是睡觉的乘客或带手袋的女性。</span></p>\r\n'),('402881034603eddb01460412733f0019','402881034603eddb014603f1cc3c0002','中山最美乘务员入选中国好人榜','中山最美乘务员入选中国好人榜','admin','2014-05-16 16:07:36','<p style=\"text-align: center;\">上半年市公交公司共表彰286宗好人好事</p>\r\n\r\n<p style=\"text-align: center;\">来源于：中山日报 2010年12月7日 第 5804 期 A1版</p>\r\n\r\n<p>&nbsp;<br />\r\n&nbsp; &nbsp; 中山网讯 &nbsp; 记者昨日获悉，中山&ldquo;最美丽乘务员&rdquo;李元娟入选11月份&ldquo;中国好人榜&rdquo;。到目前为止，我市共有四位市民入选&ldquo;中国好人榜&rdquo;。<br />\r\n&nbsp; &nbsp; 昨日，市委宣传部副部长陈旭、市文明办主任黎文杰带着这个喜讯来到市公交公司，并将鲜花送给李元娟。身为网民选出的&ldquo;最美丽乘务员&rdquo;，经过见义勇为事件后，李元娟已经小有名气，&ldquo;在公交车上会被人认出来。&rdquo;尽管如此，她仍然保持着她那份朴素的责任心，&ldquo;我是摸着自己的良心去做，这是我应该的。&rdquo;10月19日，在210路公交车上当班的李元娟由于制止三名小偷的偷窃行为，遭到小偷报复。<br />\r\n&nbsp; &nbsp; 据中山市公共交通有限公司副总经理郭洋介绍，2010年上半年，市公交公司共表彰了286宗好人好事，涉及金额4万元左右。记者在该公司2009年好人好事通报表上看到，司乘人员拾获的东西五花八门，常见的有钱包，身份证，手机，甚至还有土豆，鸡和日记本等。&ldquo;做好事没有大小标准，我们记录每一个细节，然后通报表扬，这是一种导向，一种激励。&rdquo;郭洋说。</p>\r\n'),('402881034603eddb01460412ee08001a','402881034603eddb014603f1cc3c0002','公司第八届“十佳员工”事迹简介','公司第八届“十佳员工”事迹简介','admin','2014-05-16 16:08:07','<p>邓信明，男，41岁，公共汽车分公司1路线驾驶员，1999年入职<br />\r\n邓信明工作勤勤恳恳，时时刻刻严格要求自己，服务与安全工作表现出色。他每天出车前都坚持提前30分钟到站场，认真、仔细地做车辆的&ldquo;三检&rdquo;工作，做好出车准备，坚持准点出车，营运中做到严守交通法规、操作规程，近年来他未发生过有责交通事故、服务投诉等交通安全和服务规范违章行为，努力为乘客提供方便、舒适、安全、快捷的公交服务。担任石岐中心小学校车接送驾驶员以来，一直能做到准时，安全，无误，受到了广大学生家长和学校领导的一致好评，是一位值得信任的好驾驶员。多次被评选为公司&ldquo;先进生产工作者&rdquo;。<br />\r\n&nbsp;<br />\r\n何银芳，女，25岁，公共汽车分公司22路乘务员，2003年入职<br />\r\n何银芳坚持&ldquo;辛苦自己，方便乘客&rdquo;的服务宗旨，为乘客提供良好的乘客服务，树立良好的公交形象。工作至今，她从未出现过服务投诉和违反公司规章制度的情况，多次受到乘客特别是老人的表扬，使乘客体验到宾至如归的感觉，为80后的乘务员树立了优秀的榜样。在她身上，较好地体现出中山公交&ldquo;倾情倾力，精心营造流动的家&rdquo;的企业精神和&ldquo;博爱、创新、包容、和谐&rdquo;的中山人精神。她的工作信念是：&ldquo;我将以自己的行动为这座文明城市增添光彩。&rdquo;多次被评为公司&ldquo;先进生产工作者&rdquo;。<br />\r\n&nbsp;<br />\r\n吴秋娥，女，25岁，公共汽车分公司1路线乘务员，2002年入职<br />\r\n吴秋娥对工作执着、认真、负责，始终保持着对岗位工作的热情。进入公司八年以来，她未曾回家过一个春节， 2009年春运期间，更是连续20天坚守岗位，但始终对工作毫无怨言，而且劝说、指导其他乘务员，稳定车队员工的情绪波动，使得车队可以顺利开展各项工作。近年来，无出现任何服务投诉、岗位服务规范违规、稽查违章等行为，为其他乘务员树立了学习的榜样。2006年至2009年连续4年被评为公司&ldquo;先进生产工作者&rdquo;，并积极投身各类公益性活动，曾获2008年度公司 &ldquo;优秀团员&rdquo;称号。<br />\r\n&nbsp;<br />\r\n张涛，男，53岁，公共汽车分公司10路线驾驶员，2000年入职<br />\r\n张涛作为10路线的线长，一直以文明驾驶员的标准来严格要求自己。工作踏实肯干，想乘客之所想，急乘客之所急，经常关心乘客，热情为乘客排忧解难，耐心做好乘客的解释工作，得到众多市民认可。此外，该驾驶员安全意识强，坚持每天做好车辆的&ldquo;三检&rdquo;工作和安全行驶工作，热爱集体，爱车如家。近年来，该驾驶员未发生有责交通事故、服务投诉等交通安全和服务规范违章行为。多次被评为公司&ldquo;先进生产工作者&rdquo;，是一位乘客信得过，各方面综合素质较好的驾驶员。<br />\r\n&nbsp;<br />\r\n陈彩玲，女，25岁，公共汽车分公司28路线乘务员，2001年入职<br />\r\n陈彩玲工作认真负责，业务素质较好，具有良好的职业道德，是一位素质较高的乘务员。她始终严格要求自己，认真履行乘务员的岗位职责，服务规范，乐于助人，热情待客，耐心为乘客解答问询，认真搞好每一趟车的车厢卫生，为乘客营造舒适的乘车环境。同时，她安全意识较强，能密切配合驾驶员搞好车厢安全工作。突出的工作表现使她得到了同事们和乘客们的一致好评。在职期间，她未发生任何违章行为和有责服务投诉事件。多次被评为公司&ldquo;先进生产工作者&rdquo;，是公司的一个好员工，是广大员工学习的好榜样。<br />\r\n&nbsp;<br />\r\n郑炳钦，男，48岁，公共汽车分公司12路线驾驶员，2000年入职<br />\r\n郑炳钦热爱公交事业，热爱本职工作，诚心诚意为乘客服务。营运中遵章守法，严格遵守交通法规，服从工作安排，认真完成各项营运任务。在日常工作中，坚持每天提前到岗，认真做好车辆的安全性能检查工作，发现故障及时保修，在营运中极少出现坏车的现象。同时，节省车辆维修材料和燃油等费用，得到公司领导和同事们的一致好评。10年来累计安全行驶近百万公里，无发生任何有责事故，并5次被评为公司&ldquo;先进生产工作者&rdquo;，为其他员工树立学习的榜样。<br />\r\n&nbsp;<br />\r\n段积文，男，41岁，北部公汽驾驶员，1999年入职<br />\r\n段积文集体观念强，服从管理。日常工作中，严格执行驾驶员的&ldquo;三检制度&rdquo;和安全制度；积极做好车厢卫生清洁，爱护车辆；努力钻研驾驶技术和车辆维修技术；积极协助公司做好车辆安全状况排查。多年来，他始终把安全工作放在第一位，把责任放在重中之重的位置，时刻心系乘客安危，十多年来，没有发生过一宗责任事故和服务投诉，安全行驶公里已超过957078.57公里，为乘客营造安全舒适的乘车环境。多次被评为公司&ldquo;先进生产工作者&rdquo;，为其他员工树立学习的榜样。<br />\r\n&nbsp;<br />\r\n梁振强，男，49岁，乐群修配厂维修技工，1995年入职<br />\r\n梁振强入职工作十五年来，严格遵守组织的各种规章制度，服从公司的安排，在维修车间的钳工班组兢兢业业的工作，从没有早退或者迟到过；自从公司推行ISO9001认真工作以来，该员工默默配合公司以及车间的6S管理工作，为车间创建先进文明集体做出了不少的贡献；并且在这期间，在分公司经理以及车间主任的关怀下，该员工在总结别人经验的基础上，手工制作出了一台洗地机，能方便的清洗乐群车间场地，获得了维修技工们的高度评价，是广大员工学习的好榜样。<br />\r\n&nbsp;<br />\r\n蔡文响，男，30岁，城南车间主任，2002年入职<br />\r\n蔡文响从一线的修理工扎扎实实做起，把在学校学习的理论知识很好的运用到实践当中，并在实践中探索进步。刻苦钻研的他铸就了一身过硬的车辆维修技术管理的本领，并形成了一套具有自己特色的工作方法，受到各级领导和员工的一致好评。在工作中，他责任心强，妥善安排维修车间生产计划，始终把车辆维修技术标准和工艺规程贯穿到整个维修管理中，严抓安全文明生产。在管理过程中，他注意方法，善于沟通，办事公正，作风严谨，在员工中树立起较高的威信。针对公司购买的电喷、LNG等新型车辆，他带头学习新技术，通过刻苦学习和钻研，攻关各种技术难题。<br />\r\n&nbsp;<br />\r\n檀宇，男，37岁，公共汽车分公司8路线驾驶员，2006年入职<br />\r\n檀宇热心公交事业，在工作中遵章守纪，行车安全、准点，服务态度好，认真负责；线路上尽心尽力，热心帮助司乘，悉心教导新入司乘；工作四年来，出勤率100%，投诉为零。爱护车辆，每天保证车辆的清洁卫生，有时候乘务员没时间打扫卫生就自己动手；熟悉车辆的技术状况，并总结出一套节油方法，每个月都帮公司节省了营运成本。为人和善，助人为乐，热心帮助乘客解决各种问题，遇到有些老年人坐车的，他一定会等老人坐好了以后才起步，有时候遇到有困难的乘客主动过去帮扶坐好。2008年、2009年获公司&ldquo;先进个人&rdquo;荣誉称号。</p>\r\n'),('402881034603eddb014604138702001b','402881034603eddb014603f1cc3c0002','公司优秀线路、先进司乘参加中山市公交行业十佳表彰大会','公司优秀线路、先进司乘参加中山市公交行业十佳表彰大会','admin','2014-05-16 16:08:47','<p>&nbsp; &nbsp; 2011年1月18日，市交通运输局主办的中山市公交行业优质文明公交线路、十佳文明驾驶员与十佳文明乘务员评选活动表彰大会隆重举行。我公司8名驾驶员，8名乘务员分别荣获&ldquo;中山市十佳文明驾驶员、乘务员&rdquo;。他们在从事公交驾驶员、乘务员的光荣职业的过程中，恪守职业道德，坚持文明礼貌，兢兢业业工作，为乘客提供安全、准点、舒适、温馨的服务，为中山文明城市建设增添光彩。</p>\r\n\r\n<p>中山市优质文明公交线路：<br />\r\n205路，66路</p>\r\n\r\n<p>中山市十佳文明驾驶员：<br />\r\n陈远、刘笑虎、李雨洲、谢方森、徐锦昌、刘建明、梁朝辉、马良发</p>\r\n\r\n<p>中山市十佳文明乘务员：<br />\r\n莫少丽、赖彩英、林琳、梁秋月、郑新莲、王细兰、陈伟月、张柳</p>\r\n'),('402881034603eddb014604144fc4001c','402881034603eddb014603f1cc3c0002','勇斗扒手的公交售票员——记省五一劳动奖章获得者、中山公交集团员工李元娟','勇斗扒手的公交售票员','admin','2014-05-16 16:09:38','<p style=\"text-align:center\"><span style=\"color:rgb(102, 102, 102); font-family:arial,helvetica,sans-serif; font-size:12px\">来源于：中山日报 2013年5月6日 第 6685 期 A2版</span></p>\r\n\r\n<p>李元娟原为中山市公共交通运输集团有限公司一名普通的公交乘务员，她2009年3月中专毕业后只身从家乡韶关来到中山工作。她在担任公共汽车乘务员时，在一年多时间里多次勇斗扒手，其中两次被新闻媒体深入报道，被网友赞为2010年&ldquo;最美公交售票员&rdquo;。<br />\r\n&nbsp; &nbsp; 2010年1月27日，她在205路公交车上售票，当车子驶至人民医院站时，她看到了一个公交车惯偷上了公交车。那名男子上车后左看右看，眼睛总是盯着其他乘客的口袋。她一边收钱一边大声提醒：&ldquo;车厢人多，请小心自己的钱物&rdquo;。男子看无机可乘便嚣张地大声警告她：&ldquo;不要多管闲事。&rdquo;后来，该男子恼羞成怒，指着她骂了两分多钟，并扬言&ldquo;你信不信我打你&rdquo;。当车辆行驶至港口市场站，车门打开。男子突然靠近她身边，狠踢一脚，然后跑下车。她没顾上身上的疼痛，随即冲下车追赶，不料该男子回身又是几拳打向她。她没有退缩，和前来协助的乘客一起把该男子抓住，并扭送到派出所。<br />\r\n&nbsp; &nbsp; 2010年10月19日，她服务的210路公共汽车上来了三名男乘客，他们上车后异于寻常地换位置引起她的注意。不久，她确认那三人是小偷，而且目标锁定了坐在前排打瞌睡的陈先生。见状，她机警地坐到和陈先生同一排的右边车厢座位。小偷们知道她已经察觉，便在她坐下后不久，安排一人坐到了她和陈先生之间的座位，想挡住她的视线。她见形势不对，拍了拍陈先生的肩膀，叫醒他并提醒：&ldquo;不要睡觉了&rdquo;。不久，公交车再次停站，她走到车尾位置售票。这时，小偷也走到了车尾的位置，她想从左边走，小偷就堵住左边，她想从右边走，小偷就堵住右边，并开始殴打她。勇敢的她再次不顾伤痛，奋力抓住了邻近身边的小偷，为陈先生保住了皮包内的1万多元现金。<br />\r\n&nbsp; &nbsp; 如今，她成为一名公共汽车维修仓库管理发料员，材料多达2000多种，好强的她就渐渐熟悉了各种车辆配件型号，能够准确发料。&ldquo;就算是没做公交乘务员了，但只要看到不良的行为，我还是会站出来。&rdquo;她说。</p>\r\n'),('402881034603eddb014604161f67001d','402881034603eddb014603f1cc3c0002','拾金不昧荣登“中山好人榜”','拾金不昧荣登“中山好人榜”','admin','2014-05-16 16:11:37','<p style=\"text-align: center;\"><span style=\"color:rgb(102, 102, 102); font-family:arial,helvetica,sans-serif; font-size:12px\">市公交集团的哥杨祝新多次捡到客人落在车上的物品均如数归还</span><br />\r\n来源于：中山日报 2013年9月9日 第 6811 期 A1版</p>\r\n\r\n<p style=\"text-align: center;\"><img alt=\"\" src=\"/w951-web-zsbus-news/upload/userfiles/images/tw_2013999354654017.jpg\" style=\"height:500px; width:301px\" /></p>\r\n\r\n<p style=\"text-align: center;\"><span style=\"color:rgb(0, 0, 255); font-family:arial,helvetica,sans-serif; font-size:small\">杨祝新</span></p>\r\n\r\n<p>&nbsp; &nbsp; 的哥杨祝新今年39岁，四川广元人，在中山的14年，和所有当年到珠三角闯荡的年轻人一样，杨祝新做过很多工作，做过流水线工人，搞过装修、跑过运输，现在他在市公共交通运输集团有限公司做出租汽车驾驶员已经第三个年头了。因为6 月份的一次拾金不昧，这位勤劳开朗的的哥成为媒体争相报道的&ldquo;正能量&rdquo;，并荣登&ldquo;中山好人榜&rdquo;。的哥的生活让杨祝新觉得安定而踏实，如今，他已经把小儿子和老母亲接到中山，并在港口镇按揭了一套房子，准备定居中山。<br />\r\n&nbsp; &nbsp; ■来中山14年换过很多工<br />\r\n&nbsp; &nbsp; 杨祝新爱笑，说话时常常伴随一串串爽朗的笑声。1999年，跟着老乡，他从四川广元来到了中山，第一份工作是在家具厂做打磨工，后来，他陆陆续续换过一些工作。<br />\r\n&nbsp; &nbsp; 2004年，他与朋友买了一辆红色桑塔纳出租车开始跑出租，但是生意并不太好，因为买的是旧车，常常需要修理，每个月光是修理费就要一千多块。两年后，他们把这辆车转手了。第一次的哥生涯就此结束。<br />\r\n&nbsp; &nbsp; 2006年，他开起了农用车跑运输搞装修，但是很快杨祝新就发现做装修很难收款。杨祝新还是觉得的士司机的工作收入稳定、现金结算，让人踏实。<br />\r\n&nbsp; &nbsp; 2011年，他&ldquo;重操旧业&rdquo;，在市公交集团做起了的哥。的士司机是一份辛苦的工作，两班倒、没有休息、吃饭不定时，&ldquo;有时候生意好的时候，下午两三点还吃不上饭。&rdquo;这些对于杨祝新来说，都不算什么，&ldquo;最难熬的时候是没有客人。&rdquo;在工作中他也摸出了一些规律：春节后两个月、开学后9、10月份是淡季，早上七八点 &ldquo;扫街&rdquo;、10 点以后到医院附近兜客&hellip;&hellip;觉得疲倦的时候，为了确保安全，他会停下来休息一会儿。<br />\r\n&nbsp; &nbsp; 渐渐地，他也有&ldquo;职业病&rdquo;。前不久，杨祝新因为腰痛刚刚去医院拍过片子，&ldquo;医生说问题不算严重，我身体比较争气。&rdquo;他又笑了。<br />\r\n&nbsp; &nbsp; ■拾到两万余元不为所动<br />\r\n&nbsp; &nbsp; 的哥每天和各种人打交道，不知道会在哪条路上遇到哪位客人，不过，对于杨祝新来说，他对客人的真诚都是一样的。碰到因为心事情绪不稳定的客人，碰到心急如焚的客人，他都会找时机安慰一下。至于捡到手机、钱包和钥匙那是常有的事，这时候，容易找到失主的他尽快归还，找不到时上交给公司，因拾金不昧他多次受到乘客的表扬。<br />\r\n&nbsp; &nbsp; 6月3日晚10点多，杨祝新在港口镇大有餐厅载4名男士前往京华酒店。上车后3人坐在后排座位上，其中最左边的客人醉得最厉害，并在车上呕吐。送乘客到达目的地后，杨祝新开车到中山三路一车位上，开始清洗汽车后座。就在这时，他发现在后排最左边位置地胶上散落着两扎钱和一个钥匙包。那两扎钱全是100元面额的，杨祝新没有点数，但目测大概是有两百张左右。看到这么大额的数目，杨祝新冷静下来，由于那四名乘客没有索要出租车票，失主应该一时找不到他，他直接向公司做了汇报，并把车开回公司，公司的同事点清拾获物品：人民币20634.2元及外币1000多元，钱包一个，内有银行卡、驾驶证、行驶证、身份证等。根据失主钱包中的名片，出租汽车分公司一直试图与其取得联系，但对方一直未接电话，最终决定报警处理。<br />\r\n&nbsp; &nbsp; 次日上午，警方验证了失物后，将2万余元现金和物品归还给了失主何先生。何先生正是前晚醉酒的那位，他对此非常感激：&ldquo;不仅仅是两万元，重要证件补办起来会非常麻烦。&rdquo;<br />\r\n&nbsp; &nbsp; 这是杨祝新拾到的数目最大的一笔。和以前多次捡拾到物品时一样，杨祝新没有动过据为己有的念头。<br />\r\n&nbsp; &nbsp; 现在，杨祝新还是每天行驶在路上，他的小儿子和母亲已经于2008年来到中山，一家人团聚，杨祝新依靠多年的积累，在港口镇按揭了一套房子，准备在中山定居下来，&ldquo;中山办事方便，环境也很好。&rdquo;他表示，现在出租车行业竞争越来越激烈，希望政府可以规范营运秩序，加大查处蓝牌车和三轮车的力度，让出租车营运有个更好的环境。他最大的愿望，是希望今年已经在艳阳学校读初一的小儿子可以就读公办学校，以后可以在中山参加高考。</p>\r\n'),('402881034618e35c014618f33e340018','402881034603eddb014604002748000b','社会服务承诺','社会服务承诺','admin','2014-05-20 17:25:32','<p>中山市公共交通运输集团有限公司坚持&ldquo;倾情倾力，安全便捷舒适环保，持续提高社会满意度&rdquo;的质量方针，为社会提供安全、准点、便捷、舒适、廉价、环保的城市公交服务，特向社会作如下服务承诺：<br />\r\n一、车辆服务设施完好，车厢内外整洁，整车技术性能符合国标GB7258-2004的规定，努力控制噪音、尾气对环境的影响，车厢内设置&ldquo;老、弱、病、残、孕妇、抱婴者&rdquo;专座。<br />\r\n二、严格执行驾驶员、乘务员服务规范，使用文明用语，使用电子语音报站，自觉服从行业主管单位的管理，自觉接受社会监督。<br />\r\n三、遵守交通法规和操作规程，按线行驶，按站停靠；行车时做到起步稳、行车稳、停车稳，到站车停稳后开门、关好门后起步。<br />\r\n四、首末班车时间和班次间隔在每块站牌上标明，在公司网站www.zsbus.cn上公布，做到按时发车，首班车不推迟，末班车不提前。<br />\r\n五、严格执行物价局核定的票价，车厢内张贴线路票价表；如有多收费经查实，退回多收的票款，并按规定对多收费者处罚。<br />\r\n六、为军人、残疾人、老年人、学生等法定和市政府规定的享受优惠待遇者提供优惠乘车服务。<br />\r\n&nbsp;七、车厢内张贴线路运行图等提示性与警示性标志或标识，倡导规范文明的乘车秩序。<br />\r\n&nbsp;八、主动听取市民对线网优化的意见，在能力允许的范围内，努力提高线网覆盖率，加密班次，延长服务时间，应用科技手段，满足市民出行的需求。申请调整或新开线路时，在新闻媒体中公示，征求市民意见。及时将线路信息在公司网站www.zsbus.cn上公布。<br />\r\n九、车厢内及车尾张贴公司服务监督电话87330663。乘客投诉在七个工作日内处理完毕并答复。</p>\r\n'),('402881034618e35c014618f399340019','402881034603eddb014604002748000b','公共自行车服务指南','公共自行车服务指南','admin','2014-05-20 17:25:56','<p><br />\r\n如何办理借车卡<br />\r\n1、年龄在14周岁以上至70周岁以下，身体健康、具有熟练骑行自行车能力。<br />\r\n2、凭本人身份证等有效身份证明文件正本及复印件（以供核对）；军人凭军人有效证件办理；港、澳、台及外籍人士凭港、澳、台通行证或外国护照办理。<br />\r\n3、一张身份证明只能办理一张具有租赁公共自行车功能的中山通IC卡 。<br />\r\n4、办卡：<br />\r\n①持中山通IC卡在办卡点直接开通,开通时需填申请表及交200元自行车保证金。<br />\r\n②新办理中山通IC卡的市民，先办理及开通中山通IC卡（中山通IC卡工本费20元），IC卡充值金额不低于25元，然后填申请表，交纳200元自行车保证金。<br />\r\n③自行车保证金收据妥实保管，注销借车手续时交回保证金收据。<br />\r\n5、如实填写办卡申领表和熟知《中山市公共自行车租赁合约》内容，并签字确认。<br />\r\n6、办卡地址：目前开通&ldquo;中山纪念堂&rdquo;、&ldquo;竹苑壹加壹&rdquo;、&ldquo;假日广场&rdquo;、&ldquo;博爱医院&rdquo;、&ldquo;中山公共汽车总站&rdquo;、&ldquo;北区公园&rdquo;、&ldquo;人民医院&rdquo;、&ldquo;西区邮局&rdquo;、&ldquo;南区市场&rdquo;九个办理点。<br />\r\n办卡时间：上午8：30-12：00，下午14：00-17：30<br />\r\n如何办理注销租车功能<br />\r\n1、凭本人身份证等有效证件及复印件、中山通IC卡和办卡时所开具的自行车保证金收据到自行车服务中心办理，地址：中山市西区富华道50号公共汽车总站（中山通IC卡客服中心大厅）。<br />\r\n2、核对信息后注销借车功能。<br />\r\n3、退还200元自行车保证金。<br />\r\n如何办理借车卡换卡、遗失、补办手续<br />\r\n1、借车卡说明：<br />\r\n①公共自行车借车卡统一采用中山通IC卡（包括普通卡、纪念卡、老年人卡、学生卡、残疾人卡、优抚对象卡、天翼中山通卡、移动中山通卡等），需办理相关手续才能开通自行车租赁功能。<br />\r\n②借车卡的退卡、换卡、挂失、补办业务将按照《中山通IC卡发行应用管理规定》进行处理，中山通IC卡服务热线：88669222，中山通IC卡客户服务中心地址：中山市西区富华道50号公共汽车总站。<br />\r\n2、换卡：<br />\r\n①若借车卡故障或损坏导致不能借车的，有借车行为的，先还车，再到中山通IC卡客户服务中心进行检测，并办理按照《中山通IC卡发行应用管理规定》换卡手续。<br />\r\n②属个人原因需要对借车卡更换的，用户需持旧卡、持卡人身份证、保证金收据到自行车服务中心办理旧卡注销后，提供新卡进行重新登记，再对新卡自行租赁功能进行开通。<br />\r\n3、遗失：<br />\r\n①借车卡遗失后请立即致电公共自行车服务热线：88899969，提供核对办卡人身份证、卡号等相关信息后，我们立即对自行车租赁功能进行口头挂失。<br />\r\n②口头挂失后，请在7天之内带上身份证原件到办卡点正式挂失。<br />\r\n③挂失期间找回，可拨打服务热线：88899969，核对办卡人身份证、卡号等相关信息后，取消挂失。<br />\r\n④按照《中山通IC卡发行应用管理规定》使用中山通不记名卡（指普通卡、纪念卡、天翼中山通卡等）电子钱包功能不挂失、不退卡；记名卡（指老年人卡、学生卡、残疾人卡、优抚对象卡等）电子钱包功能可挂失、可补办，记名卡可凭有效证件到富华总站中山通IC卡服务中心办理挂失和补办手续。<br />\r\n4、补办：<br />\r\n①原借车人办理挂失手续后，到公共自行车服务中心填写补卡登记表。<br />\r\n②重新提供需开通自行车功能的中山通IC卡（新卡可在中山通网点办理）。<br />\r\n③补办新卡后，原IC卡上的租车信息自动转移到新卡账户上。<br />\r\n如何办理损坏、遗失赔偿<br />\r\n1、自行车遗失后，请到公共自行车管理服务中心，按669元/辆办理赔偿手续。<br />\r\n2、因使用不当，造成自行车车架和车轮发生断裂、扭曲变形或其他零件损坏，按实际维修费用赔偿。<br />\r\n借车收费标准<br />\r\n中山市公共自行车租车时间当日累计1小时内免费，超过1小时以上的，按每小时1元计费（不足1小时的按1小时计）；当日累计最高限价计费23元，超过当日计费时间则循环累积计费。<br />\r\n借、还车流程<br />\r\n借车：<br />\r\n&nbsp;&nbsp;&nbsp; 1、将借车卡平放在公共自行车锁止器刷卡区上刷卡。<br />\r\n2、听到语音提示&ldquo;请取车&rdquo;后，在20秒内将车拉出，即借车成功，并切记取回借车卡，妥善保管。<br />\r\n还车：<br />\r\n1、先将公共自行车推入锁止器。<br />\r\n2、听语音提示&ldquo;请还车刷卡&rdquo;后，将借车卡平放在刷卡区内5秒左右。<br />\r\n&nbsp;&nbsp;&nbsp; 3、听到语音提示&ldquo;还车成功，请取卡&rdquo;后，将卡收回，即还车成功。<br />\r\n无法借车处理办法<br />\r\n①刷卡太快或刷卡时卡未放好。请将卡放置在感应区域，待语音提示&ldquo;请取车&rdquo;后，取车。<br />\r\n②车桩上车未停好。将自行车扶正后，往前轻推，刷卡取车。<br />\r\n③该卡已借出公共自行车，但未还车。请还好车后，再借车。<br />\r\n④借车时听到语音提示&ldquo;通讯故障暂停使用&rdquo;。请换桩借车。<br />\r\n⑤一人持有多张卡借车时，切勿使用已借过车的借车卡借车。<br />\r\n⑥借车刷卡时，未有语音提示或指示灯未亮，可换桩刷卡。<br />\r\n⑦卡内欠费，租车功能锁死，请充值后解锁再租车。<br />\r\n无法还车处理办法<br />\r\n&nbsp;&nbsp;&nbsp; ①还车时车推不进去，可检查锁止器进出口是否有黄色舌头弹出，可联系管理中心进行处理。<br />\r\n&nbsp;&nbsp;&nbsp; ②还车时出现锁止器重复锁车，可将车轻慢推入车桩，切勿推到底，即可还车。<br />\r\n&nbsp;&nbsp;&nbsp; ③还车时无任何锁车工作，可换桩还车，也可拨打热线，维护人员将到现场解决。<br />\r\n&nbsp;&nbsp;&nbsp; 温馨提示<br />\r\n&nbsp;&nbsp;&nbsp; 1、一张借车卡，只能借一辆公共自行车。<br />\r\n2、借车卡限由持卡人使用，不得转借他人。擅借他人使用，发生的一切问题由持卡人负责。<br />\r\n3、借、还车需刷卡。还车未刷卡可能会造成借车卡暂停使用，第二次无法正常借车。<br />\r\n&nbsp;&nbsp;&nbsp; 4、还车时要将车按提示扶正后推入车桩，再刷卡。待语音提示后，将卡收回。<br />\r\n5、借车成功后20秒内推出，否则20秒后车会自动锁住，同时车自动进入还车未刷卡状态，将造成第二次无法借车。<br />\r\n&nbsp;&nbsp;&nbsp; 6、办卡后24小时内不接受注销自行车租赁功能，24小时后可带上身份证、借车卡，凭收据办理功能注销。<br />\r\n&nbsp;&nbsp;&nbsp; 7、借车前请仔细检查车辆有无损坏，如有损坏请勿借用，否则造成的交通事故自行承担。<br />\r\n&nbsp;&nbsp;&nbsp; 8、骑车过程中请遵守交通规则，如有违反，后果自行承担。<br />\r\n9、自行车租用期间卡内余额不足支付租车费用，将锁死租车功能，卡片只能还车不能借车。到办卡点充值后方可解锁租车功能。<br />\r\n10、借车超过48小时以上，租赁人将进入黑名单，追回自行车；车辆遗失，按车价折旧价值扣除押金，如不足将追偿差价。<br />\r\n安全提示<br />\r\n1、遵守国家道路交通安全法，请在单车专用道、非机动车道内骑行，过斑马线请下车推行。<br />\r\n2、雨天路面湿滑，注意控制车速及刹车，避免车速过快急刹，造成摔车事故。<br />\r\n3、下坡及拐弯注意点刹控制车速，避免摔车意外发生。<br />\r\n4、骑车勿开小差，注意前方路面状况，防止意外发生。<br />\r\n如借、还车及实际使用中出现问题或有任何意见、建议，可拨打服务热线：88899969。</p>\r\n\r\n<p>&nbsp;</p>\r\n'),('402881034618e35c014618f40f7f001a','402881034603eddb014604002748000b','中山通IC卡乘车指南','中山通IC卡乘车指南','admin','2014-05-20 17:26:26','<p>一、乘车优惠：乘坐公共汽车刷中山通IC卡，票价优惠为5折;<br />\r\n二、发行卡种类及申领方法须知：中山通IC卡主要分为普通卡、优惠卡、纪念卡三类。<br />\r\n普通卡：采用押金方式面向社会公开发行，不记名、不挂失、凭完好卡与押金单据可退卡片押金与卡内余额，押金收取标准为：MF1卡25元/张，CPU卡35元/张，持卡乘坐公交车享受5折优惠。普通卡办理无需任何证件，不受购买张数的限制。在中山通IC卡客户服务中心（西区富华道50号）、中山市公共交通运输集团有限公司下属城南、坦州、黄圃汽车客运站均可以押金方式办理。<br />\r\n优惠卡：包括老年人卡、学生卡、残疾人卡、重点优抚对象乘车卡。属专人使用的记名卡，可挂失，每人只限办理1张，需凭身份证、户口本等相关证件办理年审、挂失、补卡业务。首次办卡不对个人办理，采取集体办理方式发行。老年人、残疾人、重点优抚对象首次办卡免费，学生卡15元/张，遗失补办或损坏换卡须收取工本费15元/张。<br />\r\n纪念卡：定额限量发售，不记名、不挂失、不退卡，凭卡可退卡内余额。购买纪念卡无需任何证件，不受购买张数的限制。在中山通IC卡客户服务中心、中山市公共交通集团有限公司下属各汽车客运站、中山通公司授权的其他代理售卡充值网点均可购买。<br />\r\n三、中山通IC卡业务受理网点<br />\r\n中山通IC卡客户服务中心（西区富华道50号）受理中山通卡所有业务。中山市公共交通运输集团有限公司下属城南、坦州、黄圃汽车客运站暂只受理普通卡和纪念卡办理及IC卡充值业务。详询www.zhongshantong.net。<br />\r\n四、中山通IC卡充值规定<br />\r\n持卡人可到中山通公司客户服务中心、我司授权的售卡充值网点办理现金充值业务。充值时，持卡人需持中山通IC卡到中山通客户服务中心或我司授权的中山通特约商户等售卡充值网点办理现金充值业务。中山通IC卡每次充值额度须为10元的整数倍，以10元的倍数递增充值。中山通IC卡内余额最高不超过1000元。另外，持卡人还可在中山市农村信用合作社以及广发银行自助充值终端办理充值业务，充值时，持卡人需持中山通IC卡到各自助充值网点进行充值，详询www.zhongshantong.net。<br />\r\n五、中山通IC卡换卡、退卡、挂失规定<br />\r\n（一）中山通IC卡卡片的使用保质期限为三个月，以系统激活当日起计算，如卡片在保质期限内出现卡片质量问题，可免费办理换卡业务。<br />\r\n（二）若卡面有折痕、凹凸痕、明显划痕、扭曲、涂污、打孔、腐蚀、火烧、浸泡导致卡受损等；卡片整体有缺损，如缺边、缺角、裂痕、缺芯片、芯片碎裂、芯片天线损坏不予换卡；卡面卡号辨认不清且无法读取卡内信息不予退卡和换卡。<br />\r\n（三）换卡<br />\r\n1、卡片在三个月保质期内，因卡自身质量原因导致卡片无法正常使用的，免费给予更换新卡，原卡内余额转至新卡，原卡收回。<br />\r\n2、普通卡因人为原因导致卡片损坏，更换时MF1卡收取收取工本费15元/张，CPU卡收取工本费25元/张，更换新卡后原卡内余额转至新卡。<br />\r\n3、在办理换卡手续时，现场可读取卡内信息的卡，当场办理换卡手续，原卡收回；现场无法读取卡内信息但可以辨认卡面卡号的卡，填写中山通卡&ldquo;异常卡&rdquo;检测单，并开具《取卡凭证》，10个工作天后办理换卡手续。<br />\r\n（四）退卡<br />\r\n1、纪念卡不办理退卡业务，以押金方式办理的普通卡和优惠卡可以办理退卡业务。<br />\r\n2、普通卡退卡：持卡人须持卡片和押金收据到中山通IC卡客户服务中心办理退卡业务；因人为原因导致卡片损坏，退卡时需收取工本费；退卡后，收回原卡。<br />\r\n3、优惠卡退卡：持卡人须持卡片、身份证或相关证件到中山通IC卡客户服务中心（西区富华道50号）办理退卡业务；退卡后，收回原卡。<br />\r\n4、在办理退卡手续时，可读取卡内信息的卡，当场办理退卡手续，收回原卡，退还卡内余额。若现场无法读取卡内信息但可以辨认卡面卡号的卡，收回原卡，填写中山通卡&ldquo;异常卡&rdquo;检测单，并开具《取卡凭证》，10个工作日后办理退卡手续，退还卡内余额。<br />\r\n（五）挂失<br />\r\n1、优惠卡遗失，老年人、残疾人、重点优抚对象持身份证，学生持身份证（或户口簿）及时到中山通IC卡客户服务中心办理挂失手续，由客户服务中心开具《中山市中山通智能卡有限公司业务办理凭证》。从挂失次日起原卡被暂停使用。<br />\r\n2、办理挂失手续10个工作天后，凭《中山市中山通智能卡有限公司业务办理凭证》、身份证和其他相关证件补办新卡，补办时需收取工本费，卡内余额转到新卡，同时注销挂失卡。<br />\r\n3、从挂失之日起，在5天内找到挂失卡，可到中山通IC卡客户服务中心（西区富华道50号）办理解挂手续，解挂后2个工作天，该卡可恢复使用。<br />\r\n六、中山通乘车IC卡的使用注意事项<br />\r\n（一）中山通IC卡刷卡不分正反面，刷卡有效距离为0&mdash;4厘米，刷卡时，停留1-2秒，IC卡刷卡设备对各种消费卡都有相应的语音提示，同时显示卡内余额。<br />\r\n（二）普通卡和纪念卡可同时供多人使用。优惠卡仅限持卡人本人使用，不得转借、涂改、伪造。<br />\r\n（三）乘坐一票制线路，持卡人上车刷卡即完成付费；乘坐分段收费线路，持卡人可通过乘务员的手持式POS机进行刷卡付费。<br />\r\n（四）持普通卡乘坐公交车刷卡时，IC卡刷卡设备的语音提示为&ldquo;嘀&rdquo;，同时按所乘线路刷卡票价优惠折扣扣款。<br />\r\n（五）持优惠卡乘坐公交车时，设备将根据卡类提示不同语音，刷卡后，须出示卡片给司乘人员查看，如用卡者非持卡人本人，司乘人员有权收缴，收缴后半年内不予补办。<br />\r\n（六）使用优惠卡乘车刷卡，IC卡刷卡设备设有间隔刷卡时间，在设定时间范围以内不得进行二次刷卡。<br />\r\n（七）乘车刷卡时，中山通IC卡只能单张使用，刷卡后应远离IC卡刷卡设备，以免产生重复消费。<br />\r\n（八）当持卡人遇到稽查人员查票时，持卡人刷卡应主动出示卡片让稽查人员读取卡片数据查验，当发现漏票等情况将根据中山市公共交通输运集团有限公司乘车规定进行处理。<br />\r\n（九）凡发出&quot;请重刷&quot;语音提示时，持卡人应重新刷卡或及时向司乘人员咨询。凡发出&ldquo;余额不足&rdquo;语音提示时，持卡人应主动按所乘线路票价全额自觉投币（购票）乘车。凡发出&ldquo;无效卡&rdquo;语音提示时，持卡人应自觉投币（购票）乘车，司乘人员有权收缴该卡。<br />\r\n（十）由于IC卡故障或车载刷卡设备故障不能正常付费时，持卡人应按全额票价用现金缴费乘车。</p>\r\n'),('402881034618e35c014618f4662d001b','402881034603eddb014604002748000b','公共汽车乘车须知','公共汽车乘车须知','admin','2014-05-20 17:26:48','<p><br />\r\n第一条 为加强中山市公共汽车客运管理，维护良好乘车秩序，构建和谐乘车环境，保障乘客与经营者的合法权益，根据本市实际，特制定本须知。<br />\r\n第二条 在本市行政区域内乘坐公共汽车的乘客均应遵守。<br />\r\n第三条 乘客应遵守乘车秩序，自觉排队按次序从前门上车、后门下车。<br />\r\n第四条 注意安全，上车后应坐稳扶好，头、手勿伸出窗外；车辆未停稳禁止上下车。<br />\r\n第五条 乘客应讲究文明礼貌，主动向老、幼、病、残、孕妇及抱婴者让座，不准在车内高声喧哗、嬉戏、打闹，禁止在车上乞讨、赌博、卖唱。保持车厢清洁，不得在车厢内吸烟、吐痰、吐口香糖、乱丢果皮杂物等。<br />\r\n第六条 乘车时应自觉按规定票价购票、刷卡或投币，优惠乘车对象应主动出示有效乘车优惠证乘车。禁止使用假币、不能流通的残币购票及投币乘车。上车前应准备好零钱，车上不提供找换零钱服务，需要车票者按所投（刷）票款索取车票。<br />\r\n第七条 身高超过1.2米的儿童乘车应当自觉购票。一名成年人可以免费携带一名身高不足1.2米的儿童乘车，但超过一名的应按超过人数自觉购票。<br />\r\n第八条 一名乘客可以免费携带重量在10公斤以下或体积在0.02立方米以下的行李物品。随身携带物品重量在10公斤以上20公斤以下或体积在0.02立方米以上0.05立方米以下的，应加付一人车费。携带物品高度（长度）超过1.6米时，不得携带乘车。乘客应注意保管好随身携带的物品，严防被盗，行李物品不能占用座位。<br />\r\n第九条 禁止携带易燃、易爆、有毒、有放射性、腐蚀性、刺激性气味以及其它可能危及行车安全或危害他人人身安全的物品乘车。禁止携带活体禽、畜、宠物等动物上车；携带易造成车辆污损物品、瓷器玻璃等易碎物或贵重物品乘车时，应将物品妥善包装保管，并按第八条规定缴费，如因保管不善而造成的伤害及损失，由乘客承担。<br />\r\n第十条 赤膊者、醉酒者、无监护人的精神病患者、无成年人携带的学龄前儿童，不准乘坐公共汽车。<br />\r\n第十一条 乘客应在规定的车站上下车，车辆未到站时不得示意司机停车上下。<br />\r\n第十二条 禁止使用伪造、涂改、假冒、失效的乘车票证。<br />\r\n第十三条 乘客损坏公共汽车车厢设施、服务设施等车辆设施的，应依法承担赔偿责任。乘客自身过错造成伤亡事故或财产损失的，由其自行承担责任；造成公共汽车运营损失以及伤害他人的，依法追究其法律责任。<br />\r\n第十四条 乘客乘车不遵守本须知而构成违法行为的，由公安机关依法处理；构成犯罪的，由公安机关及司法机关依法追究责任。<br />\r\n第十五条 本须知解释权归中山市公共交通运输集团有限公司。欢迎乘客监督，服务热线：87330663。<br />\r\n第十六条 本须知自2010年5月1日起实施。</p>\r\n\r\n<p>&nbsp;</p>\r\n'),('402881034618e35c014618f4e94f001c','402881034603eddb014604006e21000c','206路驾驶员在公交车上拾获一个印刷机。','206路驾驶员在公交车上拾获一个印刷机。','admin','2014-05-20 17:27:22','<p>206路驾驶员在公交车上拾获一个印刷机，请失主尽快到市汽车总站公交服务中心认领，咨询电话：87330663。</p>\r\n'),('402881034618e35c014618f5449c001d','402881034603eddb014604006e21000c','048路车驾驶员在公交车上拾获一个钱包（姓名：霍静仪）','048路车驾驶员在公交车上拾获一个钱包（姓名：霍静仪）','admin','2014-05-20 17:27:45','<p>048路车驾驶员在公交车上拾获一个钱包（姓名：霍静仪），请失主尽快到市汽车总站公交服务中心认领，咨询电话：87330663。</p>\r\n'),('402881034618e35c014618f59b0d001e','402881034603eddb014604006e21000c','014路车驾驶员在营运中拾获一个车牌（粤TVC609）。','014路车驾驶员在营运中拾获一个车牌（粤TVC609）。','admin','2014-05-20 17:28:07','<p>014路车驾驶员在营运中拾获一个车牌（粤TVC609），请失主尽快到市汽车总站公交服务中心认领，咨询电话：87330663。</p>\r\n'),('402881034618e35c014618f5f806001f','402881034603eddb014604006e21000c','203路车乘务员在公交车上拾获一张身份证（姓名：林思铭）','203路车乘务员在公交车上拾获一张身份证（姓名：林思铭）','admin','2014-05-20 17:28:31','<p>203路车乘务员在公交车上拾获一张身份证（姓名：林思铭），请失主尽快到市汽车总站公交服务中心认领，咨询电话87330663。</p>\r\n'),('402881034618e35c014618f67aa60020','402881034603eddb014604006e21000c','K11路车乘务员在公交车上拾获一张身份证（姓名：刘训）','K11路车乘务员在公交车上拾获一张身份证（姓名：刘训）','admin','2014-05-20 17:29:04','<p>K11路车乘务员在公交车上拾获一张身份证（姓名：刘训），请失主尽快到市汽车总站公交服务中心认领，咨询电话：87330663。</p>\r\n'),('402881034618e35c014618f6de7b0021','402881034603eddb014604006e21000c','993路车驾驶员在公交车上拾获一本公积金存折（姓名：刘嘉顺）','993路车驾驶员在公交车上拾获一本公积金存折（姓名：刘嘉顺）','admin','2014-05-20 17:29:30','<p>993路车驾驶员在公交车上拾获一本公积金存折（姓名：刘嘉顺），请失主尽快到市汽车总站公交服务中心认领，咨询电话：87330663。</p>\r\n'),('402881034618e35c014618f731590022','402881034603eddb014604006e21000c','211路车乘务员在公交车上拾获一张身份证（姓名：凡蓬江）','211路车乘务员在公交车上拾获一张身份证（姓名：凡蓬江）','admin','2014-05-20 17:29:51','<p>211路车乘务员在公交车上拾获一张身份证（姓名：凡蓬江）。请失主尽快到市汽车总站公交服务中心认领，咨询电话：87330663。</p>\r\n'),('402881034618e35c014618f784dd0023','402881034603eddb014604006e21000c','35路车驾驶员在公交车上拾获一张校卡（姓名：吴伟都）','35路车驾驶员在公交车上拾获一张校卡（姓名：吴伟都）','admin','2014-05-20 17:30:13','<p>35路车驾驶员在公交车上拾获一张校卡（姓名：吴伟都），请失主尽快到市汽车总站公交服务中心认领，咨询电话：87330663。</p>\r\n'),('402881034618e35c014618f7f1c30024','402881034603eddb014604006e21000c','991路车驾驶员在公交车上拾获一本机动车行驶证（姓名：彭亮）','991路车驾驶员在公交车上拾获一本机动车行驶证（姓名：彭亮）','admin','2014-05-20 17:30:40','<p>991路车驾驶员在公交车上拾获一本机动车行驶证（姓名：彭亮）。请失主尽快到市汽车总站公交服务中心认领，咨询电话：87330663。</p>\r\n'),('402881034618e35c014618f846100025','402881034603eddb014604006e21000c','211路车乘务员在公交车上拾获一个卡包（姓名：肖紫桐）','211路车乘务员在公交车上拾获一个卡包（姓名：肖紫桐）','admin','2014-05-20 17:31:02','<p>211路车乘务员在公交车上拾获一个卡包（姓名：肖紫桐），请失主尽快到市汽车总站公交服务中心认领，咨询电话：87330663。</p>\r\n\r\n<p>&nbsp;</p>\r\n'),('402881034618e35c014618f9619d0026','402881034603eddb014604006e21000c','211路车乘务员在公交车上拾获一张身份证（姓名：刘国华）','211路车乘务员在公交车上拾获一张身份证（姓名：刘国华）','admin','2014-05-20 17:32:15','<p>211路车乘务员在公交车上拾获一张身份证（姓名：刘国华）。请失主尽快到市汽车总站公交服务中心认领，咨询电话87330663。</p>\r\n'),('402881d0466418290146663709dc0002','402881d0466418290146663571370001','企业文化','质量方针：倾情倾力、安全便捷舒适环保，持续提高社会满意度','admin','2014-06-04 17:30:21','<p>质量方针：倾情倾力、安全便捷舒适环保，持续提高社会满意度<br />\r\n企业精神：倾情倾力，精心营造流动的家<br />\r\n服务宗旨：辛苦我一个，方便千万人<br />\r\n累累成果：公司不懈的努力得到了社会各界的认可，近年来，先后获得了全国精神文明建设工作先进单位、全国职工职业道德&ldquo;十佳&rdquo;单位、全国城市公共交通文明企业、广东省文明单位、中山市文明单位等60多项市级以上荣誉称号。</p>\r\n'),('402881d0466797bc014669bad47e0005','402881d0466797bc014668cff4460001','中山市公共自行车募捐倡议书','中山市公共自行车服务系统自2011年10月份营运以来，深受市民欢迎','admin','2014-06-05 09:53:10','<div>中山市公共自行车服务系统自2011年10月份营运以来，深受市民欢迎，平均日租车量接近2万人次，累计租车量已突破1300万人次。选择公共自行车出行己成市民休闲健身、低碳环保、绿色生活的时尚行为。</div>\r\n\r\n<div>&nbsp;&nbsp; 为汇集社会各界力量，进一步打造我市低碳生活、绿色出行新模式，我公司诚挚地向社会各界发出捐赠公共自行车的倡议，社会各界可以以企业或个人名义捐赠公共自行车，捐赠数量以100辆为基数起步，每辆公共自行车含税价格不低于600元，满足3年使用年限的要求。成功捐赠公共自行车的企业或个人，可在所捐赠的公共自行车两侧挡泥板广告位常年免费投放企业宣传标识广告。</div>\r\n\r\n<div>&nbsp;&nbsp;&nbsp;为了我们共同的事业，衷心期待您的参与和支持！</div>\r\n\r\n<div>&nbsp;&nbsp;&nbsp;联系人：雷涛，联系电话：0760-86226506。</div>\r\n\r\n<div>&nbsp;</div>\r\n\r\n<div>&nbsp;</div>\r\n\r\n<p>&nbsp;</p>\r\n\r\n<div>&nbsp;&nbsp;&nbsp;&nbsp;&nbsp;&nbsp;&nbsp;&nbsp;&nbsp;&nbsp;&nbsp;&nbsp;&nbsp;&nbsp;&nbsp;&nbsp;&nbsp;&nbsp;&nbsp;&nbsp;&nbsp;&nbsp;&nbsp;&nbsp;&nbsp;&nbsp; 中山市公共交通运输集团有限公司</div>\r\n\r\n<div>&nbsp;</div>\r\n\r\n<div>&nbsp;&nbsp;&nbsp;&nbsp;&nbsp;&nbsp;&nbsp;&nbsp;&nbsp;&nbsp;&nbsp;&nbsp;&nbsp;&nbsp;&nbsp;&nbsp;&nbsp;&nbsp;&nbsp;&nbsp;&nbsp;&nbsp;&nbsp;&nbsp;&nbsp;&nbsp;&nbsp;&nbsp;&nbsp;&nbsp;&nbsp;&nbsp;&nbsp;&nbsp; &nbsp;2014年5月14日</div>\r\n');

/*Table structure for table `zsbus_news_category` */

DROP TABLE IF EXISTS `zsbus_news_category`;

CREATE TABLE `zsbus_news_category` (
  `category_id` varchar(32) NOT NULL COMMENT '分类ID',
  `category_pid` varchar(32) DEFAULT NULL COMMENT '父类ID',
  `category_name` varchar(20) DEFAULT NULL COMMENT '分类名称',
  `category_sort` int(11) DEFAULT NULL COMMENT '分类排序',
  `category_show` tinyint(1) DEFAULT '0',
  `category_createname` varchar(20) DEFAULT NULL COMMENT '创建人',
  `category_createdate` datetime DEFAULT NULL COMMENT '创建时间',
  PRIMARY KEY (`category_id`)
) ENGINE=InnoDB DEFAULT CHARSET=utf8 COMMENT='文章分类';

/*Data for the table `zsbus_news_category` */

insert  into `zsbus_news_category`(`category_id`,`category_pid`,`category_name`,`category_sort`,`category_show`,`category_createname`,`category_createdate`) values ('402881034603eddb014603eef5600000','be4133413e5949bcb5acae4b01dd62a5','集团概况',1,0,'admin','2014-05-16 15:28:50'),('402881034603eddb014603f1cc3c0002','402881034603eddb014603eef5600000','员工风采',2,1,'admin','2014-05-16 15:31:56'),('402881034603eddb014603ffa5280009','be4133413e5949bcb5acae4b01dd62a5','其它服务',9,0,'admin','2014-05-16 15:47:04'),('402881034603eddb014604002748000b','402881034603eddb014603ffa5280009','热点问答',10,0,'admin','2014-05-16 15:47:37'),('402881034603eddb014604006e21000c','402881034603eddb014603ffa5280009','失物招领',11,0,'admin','2014-05-16 15:47:55'),('402881d0466418290146663571370001','be4133413e5949bcb5acae4b01dd62a5','企业文化',8,0,'admin','2014-06-04 17:28:36'),('402881d0466797bc014668cd60830000','be4133413e5949bcb5acae4b01dd62a5','动态新闻',3,0,'admin','2014-06-05 05:33:48'),('402881d0466797bc014668cff4460001','402881d0466797bc014668cd60830000','公司新闻',4,1,'admin','2014-06-05 05:36:37'),('402881d0466797bc014668d033990002','402881d0466797bc014668cd60830000','行业新闻',5,1,'admin','2014-06-05 05:36:53'),('402881d0466797bc014668d064bb0003','402881d0466797bc014668cd60830000','特别报道',6,1,'admin','2014-06-05 05:37:06'),('402881d0466797bc014668d090b40004','402881d0466797bc014668cd60830000','中山公交报',7,1,'admin','2014-06-05 05:37:17'),('be4133413e5949bcb5acae4b01dd62a5','0','系统目录',0,0,'SYSTEM','2014-05-15 11:47:00');

/*Table structure for table `zsbus_news_outside` */

DROP TABLE IF EXISTS `zsbus_news_outside`;

CREATE TABLE `zsbus_news_outside` (
  `outside_id` varchar(32) NOT NULL COMMENT '外链ID',
  `outside_pid` varchar(32) DEFAULT NULL COMMENT '外链父ID',
  `outside_name` varchar(20) DEFAULT NULL COMMENT '外链名称',
  `outside_sort` int(11) DEFAULT NULL COMMENT '外链排序',
  `outside_url` varchar(200) DEFAULT NULL COMMENT '外链地址',
  `outside_createname` varchar(20) DEFAULT NULL COMMENT '创建人',
  `outside_createdate` datetime DEFAULT NULL COMMENT '创建时间',
  PRIMARY KEY (`outside_id`)
) ENGINE=InnoDB DEFAULT CHARSET=utf8 COMMENT='新闻外链';

/*Data for the table `zsbus_news_outside` */

insert  into `zsbus_news_outside`(`outside_id`,`outside_pid`,`outside_name`,`outside_sort`,`outside_url`,`outside_createname`,`outside_createdate`) values ('402881d04604186f0146041a97080000','e7051116c921456db6f8ca925198bc2a','公交客运服务',1,'#','admin','2014-05-16 16:16:29'),('402881d04604186f0146041fb3870008','e7051116c921456db6f8ca925198bc2a','长途客运服务',2,'#','admin','2014-05-16 16:22:04'),('e7051116c921456db6f8ca925198bc2a','0','系统目录',0,NULL,'SYSTEM','2014-05-16 15:59:27');

/*!40101 SET SQL_MODE=@OLD_SQL_MODE */;
/*!40014 SET FOREIGN_KEY_CHECKS=@OLD_FOREIGN_KEY_CHECKS */;
/*!40014 SET UNIQUE_CHECKS=@OLD_UNIQUE_CHECKS */;
/*!40111 SET SQL_NOTES=@OLD_SQL_NOTES */;
